client_id,full_name,email,country,city,prosthesis_id,activation_date
11,William Koch,william.koch630@gmail.com,PL,Warsaw,637,2025-02-01
25,Jessica Козлов,jessica.козлов902@libero.it,IT,Rome,267,2025-03-30
124,Мария Кузнецов,мария.кузнецов916@gmail.com,RU,Ekaterinburg,480,2025-09-12
281,Thomas Becker,thomas.becker277@yahoo.it,IT,Milan,876,2025-02-18
410,Robert Wilson,robert.wilson147@mail.ru,RU,Ekaterinburg,290,2024-12-13
456,Michael Иванов,michael.иванов618@gmail.com,FR,Toulouse,499,2025-06-25
463,Наталья Сидоров,наталья.сидоров57@free.fr,FR,Paris,234,2025-05-29
506,Susanne Кузнецов,susanne.кузнецов569@gmail.com,FR,Toulouse,383,2025-08-21
536,Susanne Williams,susanne.williams326@gmail.com,PL,Krakow,836,2025-03-02
659,Robert Смирнов,robert.смирнов163@outlook.com,GB,Birmingham,351,2025-03-02
761,John Schmidt,john.schmidt621@outlook.com,GB,London,725,2025-07-27
932,Михаил Miller,михаил.miller824@gmail.com,FR,Lyon,760,2025-10-17
945,Nicole Сидоров,nicole.сидоров717@o2.pl,PL,Krakow,854,2025-06-28
1014,Jessica Schulz,jessica.schulz764@gmail.com,GB,London,826,2025-11-29
1249,Елена Martinez,елена.martinez970@yahoo.co.uk,GB,Glasgow,662,2025-04-16
1328,Ольга Jones,ольга.jones546@wp.pl,PL,Gdansk,113,2025-08-22
1379,Michael Кузнецов,michael.кузнецов69@mail.ru,RU,Kazan,140,2025-07-13
1510,Emily Лебедев,emily.лебедев443@gmail.com,PL,Wroclaw,577,2025-04-01
1635,John Кузнецов,john.кузнецов103@yahoo.es,ES,Valencia,722,2025-06-16
1712,Александр Jones,александр.jones493@free.fr,FR,Nice,189,2025-05-25
1885,Wolfgang Соколов,wolfgang.соколов735@gmail.com,FR,Lyon,997,2024-12-12
1943,Jessica Соколов,jessica.соколов194@hotmail.es,ES,Madrid,654,2025-09-02
2132,Richard Koch,richard.koch574@gmail.com,US,Los Angeles,876,2025-10-08
2261,Sarah Weber,sarah.weber510@orange.fr,FR,Lyon,230,2025-04-18
2291,Ольга Johnson,ольга.johnson488@free.fr,FR,Paris,234,2025-05-18
2300,Иван Williams,иван.williams290@gmail.com,DE,Frankfurt,652,2025-03-22
2354,Елена Miller,елена.miller811@gmail.com,ES,Valencia,589,2024-12-14
2400,Ирина Richter,ирина.richter198@o2.pl,PL,Gdansk,970,2025-11-21
2463,Wolfgang Schmidt,wolfgang.schmidt34@yahoo.com,US,New York,840,2025-06-23
2533,Emily Schneider,emily.schneider744@outlook.com,US,Houston,834,2025-03-30
2565,Иван Козлов,иван.козлов312@gmail.com,DE,Munich,535,2025-08-26
2611,Michael Лебедев,michael.лебедев722@gmail.com,DE,Munich,762,2025-07-04
2699,Jennifer Wilson,jennifer.wilson856@outlook.com,GB,London,254,2025-02-20
2854,Stefan Jones,stefan.jones381@yahoo.co.uk,GB,Manchester,881,2025-09-26
2879,Michael Becker,michael.becker862@libero.it,IT,Turin,324,2025-07-08
2885,Michael Weber,michael.weber748@yahoo.it,IT,Turin,599,2025-04-10
2917,Michelle Becker,michelle.becker87@web.de,DE,Frankfurt,249,2025-08-20
3056,Jessica Richter,jessica.richter842@libero.it,IT,Palermo,318,2025-11-08
3080,Михаил Miller,михаил.miller711@orange.fr,FR,Paris,425,2025-09-19
3115,Emily Попов,emily.попов725@gmx.de,DE,Frankfurt,166,2025-11-04
3359,Thomas Алексеев,thomas.алексеев728@gmail.com,IT,Naples,416,2025-08-09
3380,Sarah Лебедев,sarah.лебедев496@outlook.com,GB,Liverpool,214,2025-06-05
3464,Robert Морозов,robert.морозов185@yahoo.es,ES,Barcelona,260,2025-03-10
3515,Klaus Becker,klaus.becker779@o2.pl,PL,Warsaw,377,2025-03-18
3519,Lisa Hoffmann,lisa.hoffmann685@gmail.com,RU,Ekaterinburg,732,2025-08-22
3560,Robert Davis,robert.davis508@yahoo.co.uk,GB,Manchester,472,2025-11-24
3608,William Сидоров,william.сидоров738@yahoo.it,IT,Turin,536,2024-12-13
3627,Andreas Smith,andreas.smith730@yahoo.es,ES,Barcelona,624,2025-10-10
3748,Елена Brown,елена.brown999@gmail.com,GB,Glasgow,769,2025-01-25
3842,Robert Hoffmann,robert.hoffmann540@free.fr,FR,Nice,828,2025-11-09
3851,Наталья Koch,наталья.koch728@o2.pl,PL,Poznan,937,2025-01-20
3919,Klaus Смирнов,klaus.смирнов586@libero.it,IT,Milan,303,2025-06-05
4297,Anna Сидоров,anna.сидоров741@gmx.de,DE,Hamburg,792,2025-05-06
4577,James Козлов,james.козлов541@gmail.com,US,Phoenix,421,2025-08-01
4691,Дмитрий Иванов,дмитрий.иванов24@gmail.com,GB,Glasgow,453,2025-02-08
4796,Nicole Richter,nicole.richter926@free.fr,FR,Toulouse,937,2025-07-27
4908,Александр Miller,александр.miller679@gmail.com,GB,Glasgow,201,2025-11-08
4960,Наталья Волков,наталья.волков664@free.fr,FR,Paris,147,2025-06-06
4969,Maria Wagner,maria.wagner154@o2.pl,PL,Wroclaw,898,2025-11-09
5017,Robert Rodriguez,robert.rodriguez286@gmail.com,ES,Seville,613,2025-09-13
5096,Sarah Wilson,sarah.wilson954@yahoo.it,IT,Palermo,565,2025-04-02
5116,Maria Петров,maria.петров730@gmx.de,DE,Cologne,195,2025-10-17
5192,Andrea Новиков,andrea.новиков386@yahoo.com,US,Phoenix,824,2025-07-11
5306,Emily Иванов,emily.иванов164@free.fr,FR,Toulouse,802,2025-09-11
5309,Maria Волков,maria.волков142@free.fr,FR,Toulouse,115,2025-08-02
5379,Hans Иванов,hans.иванов544@yahoo.it,IT,Palermo,495,2025-06-05
5433,Lisa Hoffmann,lisa.hoffmann821@mail.ru,RU,Kazan,369,2025-09-16
5519,Анна Meyer,анна.meyer823@gmail.com,GB,Birmingham,893,2025-03-13
5609,Michael Bauer,michael.bauer940@outlook.com,US,Chicago,885,2025-01-21
5649,Maria Brown,maria.brown8@yahoo.co.uk,GB,Liverpool,386,2025-06-17
5778,Наталья Иванов,наталья.иванов719@outlook.com,GB,Manchester,355,2025-08-04
5876,Наталья Lopez,наталья.lopez628@gmail.com,ES,Barcelona,589,2025-01-24
5880,Emily Becker,emily.becker436@outlook.com,GB,Birmingham,679,2025-10-27
5909,Thomas Davis,thomas.davis630@mail.ru,RU,Ekaterinburg,567,2025-04-06
6197,Иван Williams,иван.williams764@gmail.com,US,Phoenix,226,2025-03-19
6210,William Brown,william.brown947@gmail.com,RU,Kazan,407,2025-05-31
6221,Klaus Rodriguez,klaus.rodriguez322@gmail.com,DE,Munich,992,2025-10-30
6361,Andreas Bauer,andreas.bauer356@free.fr,FR,Paris,687,2025-06-23
6400,Jennifer Новиков,jennifer.новиков264@yahoo.it,IT,Milan,475,2025-02-11
6466,Sarah Schulz,sarah.schulz749@gmail.com,GB,Birmingham,208,2025-10-12
6487,Maria Jones,maria.jones363@gmail.com,US,Phoenix,903,2025-01-29
6539,Sarah Bauer,sarah.bauer289@gmail.com,ES,Seville,298,2025-01-11
6547,Jennifer Williams,jennifer.williams732@gmail.com,US,Los Angeles,873,2025-03-03
6623,Petra Соколов,petra.соколов669@gmail.com,ES,Madrid,823,2025-07-11
6814,Елена Морозов,елена.морозов491@outlook.com,GB,Liverpool,478,2025-02-10
6913,Сергей Морозов,сергей.морозов370@wp.pl,PL,Gdansk,918,2025-07-27
6963,Татьяна Соколов,татьяна.соколов478@yahoo.co.uk,GB,Manchester,345,2025-05-15
6972,Maria Jones,maria.jones878@yahoo.it,IT,Palermo,352,2025-05-29
7011,Thomas Schmidt,thomas.schmidt997@yahoo.it,IT,Milan,999,2025-07-22
7035,Jessica Петров,jessica.петров765@orange.fr,FR,Lyon,463,2025-01-30
7166,Michael Garcia,michael.garcia516@gmail.com,RU,SPB,260,2025-05-06
7314,Michael Попов,michael.попов67@o2.pl,PL,Warsaw,986,2025-08-19
7406,Hans Попов,hans.попов476@orange.fr,FR,Paris,506,2024-12-16
7435,John Becker,john.becker419@gmail.com,ES,Zaragoza,624,2025-07-04
7437,Anna Лебедев,anna.лебедев214@yahoo.es,ES,Zaragoza,867,2025-05-03
7509,Сергей Becker,сергей.becker56@gmx.de,DE,Frankfurt,356,2024-12-25
7565,Анна Rodriguez,анна.rodriguez729@gmail.com,ES,Valencia,810,2025-07-05
7644,Andreas Лебедев,andreas.лебедев402@gmail.com,ES,Seville,515,2025-01-13
7803,Иван Schafer,иван.schafer312@mail.ru,RU,Novosibirsk,494,2025-02-12
7876,Сергей Новиков,сергей.новиков267@web.de,DE,Cologne,486,2025-06-15
7878,Michelle Hoffmann,michelle.hoffmann112@gmx.de,DE,Hamburg,987,2025-08-31
7973,Михаил Новиков,михаил.новиков898@yahoo.com,US,Houston,746,2025-08-18
8023,Michelle Bauer,michelle.bauer691@o2.pl,PL,Krakow,238,2025-03-31
8026,David Смирнов,david.смирнов192@mail.ru,RU,Moscow,277,2025-06-02
8056,Анна Попов,анна.попов557@yahoo.co.uk,GB,Glasgow,476,2025-12-08
8137,Maria Schmidt,maria.schmidt409@orange.fr,FR,Marseille,155,2025-01-09
8191,Sabine Hernandez,sabine.hernandez285@yahoo.co.uk,GB,Glasgow,681,2025-08-19
8260,Jennifer Jones,jennifer.jones458@gmail.com,ES,Zaragoza,935,2025-04-10
8293,David Волков,david.волков232@wp.pl,PL,Poznan,954,2025-09-04
8365,Иван Иванов,иван.иванов406@libero.it,IT,Rome,376,2025-04-23
8384,Wolfgang Lopez,wolfgang.lopez893@gmail.com,DE,Munich,927,2025-09-08
8499,Richard Алексеев,richard.алексеев700@yahoo.com,US,Houston,592,2025-03-20
8639,Amy Miller,amy.miller573@gmail.com,ES,Barcelona,179,2025-05-03
8691,Ольга Fischer,ольга.fischer30@free.fr,FR,Nice,620,2025-11-18
8699,Hans Rodriguez,hans.rodriguez83@o2.pl,PL,Warsaw,108,2025-01-29
8768,Amy Davis,amy.davis892@gmail.com,US,Chicago,922,2025-06-18
8859,Thomas Иванов,thomas.иванов714@gmail.com,GB,London,640,2025-10-13
8892,Александр Müller,александр.müller851@yahoo.it,IT,Palermo,870,2025-03-30
8931,Robert Schneider,robert.schneider472@yandex.ru,RU,Novosibirsk,276,2025-08-16
9081,Александр Кузнецов,александр.кузнецов492@outlook.com,US,Chicago,308,2025-08-06
9151,Robert Schmidt,robert.schmidt260@yahoo.co.uk,GB,Liverpool,495,2025-03-09
9469,David Schmidt,david.schmidt564@yahoo.com,US,New York,553,2025-07-10
9499,Michael Hoffmann,michael.hoffmann230@o2.pl,PL,Poznan,887,2025-10-14
9781,Amy Петров,amy.петров44@mail.ru,RU,Kazan,189,2024-12-28
9819,Stefan Johnson,stefan.johnson940@outlook.com,US,Los Angeles,149,2025-03-19
9927,Amy Garcia,amy.garcia77@gmail.com,RU,Ekaterinburg,425,2025-11-03
10034,Дмитрий Smith,дмитрий.smith912@gmail.com,FR,Toulouse,243,2025-02-24
10127,Татьяна Miller,татьяна.miller883@outlook.com,US,Houston,850,2025-04-23
10379,Ольга Richter,ольга.richter403@gmail.com,US,Los Angeles,766,2024-12-22
10590,Petra Hoffmann,petra.hoffmann232@libero.it,IT,Milan,273,2025-01-22
10847,Наталья Miller,наталья.miller87@o2.pl,PL,Poznan,560,2025-11-11
10869,Richard Кузнецов,richard.кузнецов227@gmail.com,PL,Krakow,477,2025-11-24
10878,Татьяна Jones,татьяна.jones988@orange.fr,FR,Toulouse,667,2025-05-21
10941,Nicole Becker,nicole.becker256@hotmail.es,ES,Zaragoza,151,2025-03-26
11018,Sarah Новиков,sarah.новиков484@gmx.de,DE,Hamburg,292,2025-01-24
11078,Андрей Морозов,андрей.морозов187@web.de,DE,Frankfurt,130,2025-08-16
11105,Andreas Brown,andreas.brown491@gmail.com,FR,Marseille,854,2025-05-29
11132,Emily Becker,emily.becker833@gmail.com,FR,Marseille,923,2025-10-08
11191,Andrea Новиков,andrea.новиков775@gmail.com,ES,Valencia,977,2025-05-08
11192,Jessica Соколов,jessica.соколов619@gmail.com,IT,Palermo,773,2024-12-13
11235,Susanne Williams,susanne.williams931@orange.fr,FR,Marseille,646,2025-08-30
11258,Andrea Морозов,andrea.морозов178@gmail.com,FR,Paris,785,2025-06-07
11261,Michael Becker,michael.becker362@mail.ru,RU,Ekaterinburg,163,2025-01-08
11290,Anna Новиков,anna.новиков83@gmail.com,GB,Glasgow,267,2025-06-13
11318,Petra Müller,petra.müller429@orange.fr,FR,Marseille,860,2024-12-19
11527,Nicole Brown,nicole.brown120@outlook.com,GB,Liverpool,935,2025-12-03
11631,Hans Кузнецов,hans.кузнецов668@o2.pl,PL,Krakow,496,2025-10-28
11799,Michael Smith,michael.smith651@gmail.com,US,Chicago,137,2025-02-15
11995,Мария Müller,мария.müller642@gmail.com,PL,Wroclaw,396,2025-01-05
12026,Stefan Лебедев,stefan.лебедев853@yahoo.es,ES,Valencia,552,2025-06-22
12098,Nicole Martinez,nicole.martinez198@gmail.com,IT,Palermo,521,2025-04-29
12285,Klaus Волков,klaus.волков949@gmail.com,US,Phoenix,933,2025-03-31
12353,Татьяна Козлов,татьяна.козлов493@free.fr,FR,Lyon,904,2025-11-21
12401,John Лебедев,john.лебедев834@gmail.com,DE,Cologne,969,2025-11-24
12445,Петр Schulz,петр.schulz89@libero.it,IT,Palermo,492,2025-03-23
12484,Sabine Rodriguez,sabine.rodriguez746@web.de,DE,Frankfurt,608,2025-10-07
12620,Sabine Martinez,sabine.martinez374@gmail.com,PL,Poznan,511,2025-11-16
12622,Наталья Hernandez,наталья.hernandez946@gmx.de,DE,Frankfurt,417,2025-04-08
12631,William Meyer,william.meyer778@gmail.com,IT,Rome,546,2025-06-16
12744,Andreas Miller,andreas.miller844@hotmail.es,ES,Barcelona,679,2024-12-19
12914,Александр Новиков,александр.новиков886@outlook.com,US,New York,831,2025-09-24
12963,Thomas Koch,thomas.koch312@yahoo.co.uk,GB,Liverpool,953,2025-06-25
12972,Emily Garcia,emily.garcia576@mail.ru,RU,Kazan,220,2025-09-21
13043,Sabine Schmidt,sabine.schmidt224@gmail.com,FR,Marseille,299,2025-10-01
13047,Sarah Johnson,sarah.johnson133@libero.it,IT,Palermo,738,2025-09-22
13075,Maria Иванов,maria.иванов18@wp.pl,PL,Wroclaw,936,2025-05-31
13123,Nicole Попов,nicole.попов668@gmail.com,RU,Ekaterinburg,127,2025-07-16
13277,David Hernandez,david.hernandez393@wp.pl,PL,Poznan,368,2025-12-02
13497,Sabine Garcia,sabine.garcia501@yahoo.it,IT,Milan,940,2025-07-02
13607,Hans Сидоров,hans.сидоров258@outlook.com,GB,London,495,2024-12-14
13681,Stefan Williams,stefan.williams39@gmail.com,IT,Milan,330,2025-10-17
13909,Michael Алексеев,michael.алексеев774@libero.it,IT,Naples,106,2025-01-11
13953,Anna Müller,anna.müller38@web.de,DE,Berlin,671,2025-03-23
14012,Jennifer Smith,jennifer.smith39@libero.it,IT,Naples,388,2025-03-03
14112,Maria Смирнов,maria.смирнов380@gmail.com,IT,Naples,345,2025-08-06
14278,Sabine Лебедев,sabine.лебедев944@yandex.ru,RU,Ekaterinburg,923,2025-07-21
14307,Иван Rodriguez,иван.rodriguez95@gmail.com,ES,Seville,268,2025-09-18
14395,Michelle Schmidt,michelle.schmidt585@free.fr,FR,Marseille,963,2025-01-30
14475,John Meyer,john.meyer432@o2.pl,PL,Warsaw,474,2025-12-04
14527,Richard Jones,richard.jones852@o2.pl,PL,Gdansk,704,2025-01-05
14582,Petra Brown,petra.brown521@gmail.com,ES,Seville,686,2025-04-14
14628,Robert Hernandez,robert.hernandez93@libero.it,IT,Palermo,723,2024-12-11
14789,William Williams,william.williams232@mail.ru,RU,Moscow,495,2024-12-21
14870,Сергей Wilson,сергей.wilson514@yahoo.co.uk,GB,Birmingham,630,2025-03-06
14885,Татьяна Попов,татьяна.попов34@gmail.com,PL,Warsaw,654,2025-08-04
15041,Michelle Иванов,michelle.иванов785@gmail.com,IT,Rome,647,2025-04-17
15066,David Müller,david.müller482@wp.pl,PL,Gdansk,162,2025-10-04
15374,Андрей Müller,андрей.müller600@gmail.com,RU,Moscow,681,2024-12-18
15412,Nicole Сидоров,nicole.сидоров146@gmail.com,PL,Warsaw,794,2025-01-30
15447,William Попов,william.попов184@yahoo.es,ES,Madrid,118,2025-03-10
15525,Stefan Лебедев,stefan.лебедев93@gmail.com,GB,Liverpool,201,2025-05-03
15645,Иван Davis,иван.davis365@orange.fr,FR,Paris,432,2025-03-15
15717,William Müller,william.müller974@mail.ru,RU,Novosibirsk,638,2025-01-04
15826,Richard Johnson,richard.johnson167@gmail.com,GB,London,617,2025-10-09
16076,Андрей Müller,андрей.müller372@wp.pl,PL,Krakow,680,2025-07-30
16140,Александр Lopez,александр.lopez435@web.de,DE,Cologne,661,2025-10-16
16142,Susanne Smith,susanne.smith942@yahoo.es,ES,Barcelona,624,2025-03-29
16193,Michael Hernandez,michael.hernandez62@gmail.com,DE,Hamburg,373,2025-05-29
16342,Emily Fischer,emily.fischer839@yahoo.it,IT,Naples,690,2025-12-04
16514,John Wagner,john.wagner647@hotmail.es,ES,Zaragoza,758,2025-10-30
16532,Stefan Wilson,stefan.wilson523@yahoo.it,IT,Naples,800,2024-12-13
16534,Дмитрий Hernandez,дмитрий.hernandez510@yahoo.es,ES,Barcelona,958,2025-02-06
16543,Michelle Алексеев,michelle.алексеев120@yahoo.com,US,Phoenix,115,2025-02-09
16665,Amy Schneider,amy.schneider907@outlook.com,GB,Liverpool,404,2025-04-10
16698,Andrea Новиков,andrea.новиков11@outlook.com,US,New York,547,2025-08-08
16713,Андрей Волков,андрей.волков549@gmail.com,GB,Birmingham,126,2025-01-09
16880,Maria Кузнецов,maria.кузнецов971@gmail.com,GB,Glasgow,903,2025-01-31
17039,Петр Martinez,петр.martinez826@gmail.com,DE,Hamburg,882,2025-11-11
17041,Наталья Jones,наталья.jones206@gmail.com,ES,Zaragoza,116,2025-05-23
17048,Emily Wilson,emily.wilson588@gmail.com,ES,Zaragoza,280,2025-06-05
17091,Amy Weber,amy.weber663@gmail.com,DE,Munich,422,2025-09-09
17117,Wolfgang Попов,wolfgang.попов979@gmail.com,ES,Madrid,713,2024-12-30
17139,Елена Jones,елена.jones453@gmail.com,DE,Berlin,766,2025-06-22
17265,Ольга Соколов,ольга.соколов471@gmail.com,RU,Novosibirsk,655,2025-06-10
17278,Sarah Richter,sarah.richter213@yahoo.it,IT,Naples,352,2025-01-06
17363,Анна Schafer,анна.schafer710@gmail.com,FR,Paris,553,2025-08-02
17386,Jessica Johnson,jessica.johnson777@yahoo.it,IT,Palermo,810,2025-06-23
17392,Andreas Fischer,andreas.fischer144@gmail.com,US,Phoenix,112,2025-01-23
17440,Дмитрий Richter,дмитрий.richter921@gmail.com,IT,Milan,523,2025-08-22
17708,Thomas Becker,thomas.becker943@outlook.com,GB,Glasgow,783,2025-08-19
17739,Ольга Алексеев,ольга.алексеев670@outlook.com,US,Houston,745,2025-05-19
17791,Maria Schulz,maria.schulz831@gmail.com,RU,Kazan,892,2025-10-22
17848,Robert Лебедев,robert.лебедев271@libero.it,IT,Milan,929,2025-04-23
17850,Андрей Martinez,андрей.martinez313@gmail.com,IT,Milan,348,2025-01-31
18050,Елена Schneider,елена.schneider581@gmail.com,ES,Valencia,185,2025-08-26
18053,Susanne Johnson,susanne.johnson69@gmail.com,ES,Valencia,152,2025-09-25
18109,Nicole Волков,nicole.волков253@wp.pl,PL,Gdansk,923,2025-10-09
18118,Thomas Weber,thomas.weber106@gmail.com,ES,Barcelona,808,2025-09-17
18199,Sarah Meyer,sarah.meyer657@gmail.com,GB,Birmingham,680,2025-11-09
18229,Michelle Meyer,michelle.meyer1@gmx.de,DE,Berlin,880,2025-03-09
18293,Татьяна Smith,татьяна.smith955@yandex.ru,RU,Moscow,959,2024-12-17
18429,Anna Сидоров,anna.сидоров658@mail.ru,RU,Novosibirsk,836,2025-03-03
18622,Michelle Hoffmann,michelle.hoffmann561@gmail.com,FR,Lyon,458,2025-05-15
18671,Jessica Rodriguez,jessica.rodriguez736@o2.pl,PL,Poznan,484,2025-03-20
18795,Sarah Новиков,sarah.новиков139@yandex.ru,RU,Moscow,810,2025-03-21
18801,Наталья Козлов,наталья.козлов396@yandex.ru,RU,SPB,595,2025-07-25
18835,Ольга Schmidt,ольга.schmidt881@yahoo.es,ES,Madrid,139,2025-03-05
18863,Nicole Schulz,nicole.schulz539@yahoo.it,IT,Palermo,752,2025-06-13
18933,Jennifer Brown,jennifer.brown540@o2.pl,PL,Krakow,951,2025-04-20
18940,Stefan Schulz,stefan.schulz819@yandex.ru,RU,Novosibirsk,610,2025-01-17
18942,David Schulz,david.schulz639@outlook.com,US,New York,904,2025-01-09
19130,Sabine Bauer,sabine.bauer212@web.de,DE,Berlin,371,2025-05-28
19222,Anna Davis,anna.davis333@yandex.ru,RU,Ekaterinburg,499,2025-06-20
19395,Anna Смирнов,anna.смирнов70@gmail.com,PL,Krakow,909,2025-04-30
19529,Richard Johnson,richard.johnson505@wp.pl,PL,Wroclaw,659,2025-04-26
19544,John Алексеев,john.алексеев94@yandex.ru,RU,Novosibirsk,964,2024-12-12
19610,Hans Weber,hans.weber83@yahoo.com,US,Phoenix,758,2025-08-26
19647,Петр Smith,петр.smith772@gmail.com,US,Los Angeles,121,2025-09-22
19763,Andrea Jones,andrea.jones904@free.fr,FR,Paris,854,2025-04-02
19814,Stefan Hoffmann,stefan.hoffmann729@gmx.de,DE,Cologne,291,2025-11-14
19992,Hans Brown,hans.brown608@yahoo.it,IT,Turin,518,2025-05-12
20008,Petra Кузнецов,petra.кузнецов822@yahoo.com,US,Chicago,991,2025-09-02
20178,Stefan Сидоров,stefan.сидоров379@gmail.com,RU,Kazan,712,2025-08-31
20232,Елена Hernandez,елена.hernandez441@wp.pl,PL,Krakow,919,2025-09-06
20244,Ирина Becker,ирина.becker958@hotmail.es,ES,Zaragoza,540,2025-02-02
20304,Наталья Козлов,наталья.козлов172@wp.pl,PL,Krakow,459,2025-06-28
20330,Татьяна Miller,татьяна.miller541@gmail.com,ES,Seville,381,2025-11-03
20505,Andreas Соколов,andreas.соколов236@yahoo.co.uk,GB,Birmingham,928,2025-06-14
20589,John Wilson,john.wilson956@gmail.com,GB,Manchester,734,2025-05-09
20651,Татьяна Weber,татьяна.weber327@yahoo.it,IT,Naples,131,2025-03-12
20716,Мария Попов,мария.попов978@free.fr,FR,Marseille,873,2025-01-08
20761,Jessica Meyer,jessica.meyer384@gmail.com,RU,Moscow,550,2025-08-15
20823,Sabine Иванов,sabine.иванов837@outlook.com,US,Phoenix,836,2025-08-07
20925,Nicole Miller,nicole.miller96@gmail.com,FR,Lyon,210,2025-11-02
20988,Michael Волков,michael.волков114@gmx.de,DE,Berlin,964,2025-05-13
21000,Petra Кузнецов,petra.кузнецов617@libero.it,IT,Naples,597,2025-06-25
21315,Maria Алексеев,maria.алексеев402@gmail.com,FR,Nice,392,2025-05-12
21421,Susanne Miller,susanne.miller283@yahoo.es,ES,Zaragoza,694,2025-11-24
21450,Александр Попов,александр.попов514@web.de,DE,Cologne,790,2025-03-23
21575,Анна Lopez,анна.lopez971@gmx.de,DE,Berlin,988,2025-11-08
21626,Nicole Smith,nicole.smith147@gmail.com,FR,Lyon,425,2025-04-16
21654,Amy Brown,amy.brown20@gmail.com,FR,Paris,698,2025-06-20
21673,Klaus Smith,klaus.smith570@orange.fr,FR,Marseille,407,2025-08-07
21823,Jennifer Морозов,jennifer.морозов898@outlook.com,GB,Birmingham,297,2025-03-24
21903,John Попов,john.попов78@gmail.com,FR,Paris,355,2025-01-25
21942,Сергей Becker,сергей.becker231@gmail.com,GB,Birmingham,905,2025-03-18
22009,Wolfgang Jones,wolfgang.jones284@yahoo.co.uk,GB,London,397,2025-11-27
22194,James Соколов,james.соколов966@gmail.com,RU,SPB,713,2025-07-13
22199,Наталья Bauer,наталья.bauer844@hotmail.es,ES,Zaragoza,384,2025-07-20
22281,David Rodriguez,david.rodriguez228@o2.pl,PL,Krakow,404,2024-12-10
22294,Наталья Петров,наталья.петров70@outlook.com,GB,London,183,2025-08-16
22390,Петр Hoffmann,петр.hoffmann726@outlook.com,US,Los Angeles,326,2025-08-13
22393,Andreas Wagner,andreas.wagner245@free.fr,FR,Nice,651,2025-03-04
22402,Наталья Hernandez,наталья.hernandez614@gmx.de,DE,Hamburg,274,2025-09-15
22403,Emily Козлов,emily.козлов472@web.de,DE,Frankfurt,574,2025-10-22
22441,Lisa Fischer,lisa.fischer981@gmail.com,GB,Manchester,762,2025-05-15
22482,Michelle Hoffmann,michelle.hoffmann527@hotmail.es,ES,Zaragoza,902,2025-08-28
22569,Richard Brown,richard.brown684@gmx.de,DE,Munich,209,2025-06-01
22581,Александр Richter,александр.richter528@web.de,DE,Cologne,407,2025-07-26
22623,Robert Schneider,robert.schneider185@gmx.de,DE,Frankfurt,844,2025-03-26
22730,Michael Новиков,michael.новиков948@gmail.com,DE,Cologne,472,2025-04-11
22807,James Новиков,james.новиков338@yahoo.co.uk,GB,Birmingham,610,2025-11-04
23047,Андрей Новиков,андрей.новиков46@gmx.de,DE,Hamburg,218,2025-12-01
23089,Jessica Алексеев,jessica.алексеев2@mail.ru,RU,SPB,272,2025-06-26
23138,Hans Петров,hans.петров885@mail.ru,RU,Ekaterinburg,359,2025-05-25
23224,Дмитрий Волков,дмитрий.волков929@gmail.com,PL,Wroclaw,895,2025-10-19
23245,Михаил Hernandez,михаил.hernandez786@gmail.com,RU,SPB,757,2025-10-23
23256,Nicole Schneider,nicole.schneider956@web.de,DE,Berlin,250,2025-05-25
23405,Михаил Jones,михаил.jones986@yahoo.it,IT,Turin,535,2025-08-25
23511,Елена Сидоров,елена.сидоров678@orange.fr,FR,Lyon,843,2025-07-27
23537,Наталья Richter,наталья.richter975@o2.pl,PL,Warsaw,857,2025-07-31
23540,Stefan Hoffmann,stefan.hoffmann305@gmx.de,DE,Hamburg,252,2025-04-12
23718,Jennifer Martinez,jennifer.martinez202@gmail.com,IT,Turin,227,2025-11-21
23785,John Лебедев,john.лебедев811@gmail.com,US,Chicago,902,2025-06-05
23860,Michael Davis,michael.davis949@gmail.com,ES,Valencia,492,2025-09-20
23913,Hans Wilson,hans.wilson634@gmail.com,ES,Valencia,359,2025-08-07
23950,Thomas Wilson,thomas.wilson223@gmx.de,DE,Berlin,417,2025-09-08
23961,Michael Becker,michael.becker345@wp.pl,PL,Poznan,167,2025-05-04
23979,Мария Rodriguez,мария.rodriguez809@yahoo.es,ES,Seville,802,2025-01-31
24135,Наталья Koch,наталья.koch3@free.fr,FR,Lyon,216,2025-01-18
24207,Thomas Schneider,thomas.schneider441@gmail.com,ES,Barcelona,353,2025-10-29
24214,Hans Garcia,hans.garcia830@mail.ru,RU,Ekaterinburg,141,2025-04-14
24235,Michelle Meyer,michelle.meyer531@outlook.com,US,Chicago,517,2024-12-25
24342,Andreas Schneider,andreas.schneider297@gmail.com,FR,Toulouse,603,2025-09-21
24433,Robert Williams,robert.williams547@gmail.com,GB,London,216,2025-08-14
24522,William Wilson,william.wilson404@gmail.com,GB,Liverpool,124,2025-07-05
24633,Emily Лебедев,emily.лебедев446@yahoo.com,US,Phoenix,299,2025-01-17
24789,Михаил Fischer,михаил.fischer215@o2.pl,PL,Krakow,808,2025-09-04
24813,Sarah Jones,sarah.jones548@gmail.com,DE,Cologne,485,2025-07-06
24854,Андрей Schulz,андрей.schulz360@yahoo.com,US,New York,230,2025-06-27
25037,Emily Schafer,emily.schafer784@mail.ru,RU,SPB,457,2025-06-23
25042,Stefan Сидоров,stefan.сидоров354@wp.pl,PL,Krakow,829,2025-05-21
25130,Petra Schulz,petra.schulz182@hotmail.es,ES,Barcelona,217,2025-10-21
25136,Amy Bauer,amy.bauer368@mail.ru,RU,Novosibirsk,942,2025-02-16
25504,Петр Wagner,петр.wagner537@orange.fr,FR,Paris,761,2025-02-04
25524,Петр Новиков,петр.новиков386@yahoo.co.uk,GB,Manchester,594,2025-10-27
25659,Susanne Rodriguez,susanne.rodriguez672@yandex.ru,RU,Moscow,259,2025-06-30
25737,Михаил Кузнецов,михаил.кузнецов57@yahoo.it,IT,Milan,313,2025-11-05
25833,Мария Davis,мария.davis83@gmail.com,IT,Rome,466,2025-11-05
25959,Иван Fischer,иван.fischer852@yahoo.com,US,Chicago,222,2025-11-06
26179,Александр Miller,александр.miller999@libero.it,IT,Palermo,796,2025-09-28
26224,Jessica Schafer,jessica.schafer64@outlook.com,GB,London,572,2025-09-15
26287,Amy Морозов,amy.морозов682@yahoo.com,US,Los Angeles,343,2025-01-24
26546,Jennifer Koch,jennifer.koch422@gmail.com,FR,Toulouse,405,2025-02-10
26674,Susanne Johnson,susanne.johnson696@hotmail.es,ES,Madrid,813,2025-09-20
26820,Ирина Новиков,ирина.новиков426@free.fr,FR,Lyon,832,2025-12-02
26823,Hans Hernandez,hans.hernandez235@libero.it,IT,Rome,476,2025-01-24
26953,Михаил Smith,михаил.smith242@gmail.com,FR,Marseille,757,2025-07-13
27013,Александр Rodriguez,александр.rodriguez66@hotmail.es,ES,Barcelona,948,2025-08-15
27035,Петр Петров,петр.петров221@gmail.com,US,Chicago,332,2025-09-13
27050,Анна Richter,анна.richter322@wp.pl,PL,Krakow,177,2025-06-22
27107,Michael Wilson,michael.wilson117@yandex.ru,RU,SPB,524,2025-02-21
27334,Hans Meyer,hans.meyer293@libero.it,IT,Palermo,607,2024-12-27
27351,Елена Новиков,елена.новиков180@gmail.com,ES,Zaragoza,157,2025-06-18
27364,Александр Кузнецов,александр.кузнецов430@wp.pl,PL,Gdansk,282,2025-11-15
27367,Nicole Miller,nicole.miller863@wp.pl,PL,Krakow,269,2025-03-05
27416,Petra Bauer,petra.bauer205@gmail.com,GB,London,944,2025-01-25
27422,Jennifer Schulz,jennifer.schulz32@yahoo.it,IT,Palermo,341,2025-03-07
27500,Nicole Новиков,nicole.новиков728@gmail.com,IT,Rome,159,2024-12-25
27523,Nicole Bauer,nicole.bauer199@gmail.com,ES,Barcelona,966,2025-11-03
27805,Sarah Schmidt,sarah.schmidt13@gmail.com,FR,Lyon,594,2025-12-01
28479,Наталья Волков,наталья.волков758@gmail.com,GB,Liverpool,445,2025-09-03
28565,Petra Johnson,petra.johnson203@yahoo.es,ES,Valencia,316,2025-11-19
28625,Michelle Соколов,michelle.соколов483@libero.it,IT,Palermo,472,2025-02-27
28784,Sabine Jones,sabine.jones293@outlook.com,US,Chicago,493,2025-10-11
28829,Maria Волков,maria.волков9@free.fr,FR,Paris,726,2025-06-07
28924,Robert Schmidt,robert.schmidt467@web.de,DE,Berlin,127,2025-09-11
28958,John Кузнецов,john.кузнецов385@mail.ru,RU,Novosibirsk,675,2025-06-05
29007,Елена Miller,елена.miller667@wp.pl,PL,Poznan,588,2025-05-04
29176,Наталья Соколов,наталья.соколов4@gmail.com,DE,Berlin,600,2025-05-01
29426,Sabine Fischer,sabine.fischer277@web.de,DE,Cologne,624,2025-02-12
29461,John Fischer,john.fischer996@gmx.de,DE,Frankfurt,980,2025-06-28
29614,Jessica Bauer,jessica.bauer725@orange.fr,FR,Marseille,557,2025-04-15
29655,Susanne Bauer,susanne.bauer932@gmail.com,IT,Milan,125,2025-07-09
29672,Сергей Müller,сергей.müller152@free.fr,FR,Marseille,592,2025-04-13
29703,Michael Lopez,michael.lopez830@gmail.com,DE,Berlin,619,2025-01-31
29779,Nicole Williams,nicole.williams958@gmx.de,DE,Berlin,484,2025-10-12
29791,Наталья Кузнецов,наталья.кузнецов944@free.fr,FR,Toulouse,728,2025-10-16
29794,Hans Brown,hans.brown562@libero.it,IT,Palermo,623,2025-01-28
29953,Michelle Lopez,michelle.lopez591@o2.pl,PL,Wroclaw,229,2025-02-27
30177,Sarah Rodriguez,sarah.rodriguez771@free.fr,FR,Marseille,235,2025-09-04
30305,Michelle Williams,michelle.williams381@yahoo.es,ES,Madrid,457,2025-02-04
30338,Michael Hernandez,michael.hernandez115@free.fr,FR,Nice,968,2025-01-10
30356,Ольга Сидоров,ольга.сидоров226@gmail.com,RU,Ekaterinburg,799,2025-05-30
30478,Maria Weber,maria.weber684@free.fr,FR,Lyon,921,2025-11-27
30479,Сергей Кузнецов,сергей.кузнецов256@gmail.com,RU,Novosibirsk,392,2025-01-17
30581,Наталья Brown,наталья.brown658@outlook.com,GB,London,774,2025-04-13
30611,Amy Smith,amy.smith323@gmail.com,PL,Krakow,325,2025-05-27
30620,Lisa Wagner,lisa.wagner796@yandex.ru,RU,Ekaterinburg,846,2025-03-07
30841,John Смирнов,john.смирнов763@hotmail.es,ES,Seville,711,2024-12-16
30891,Андрей Lopez,андрей.lopez321@gmail.com,DE,Hamburg,568,2025-11-20
31073,Andreas Wilson,andreas.wilson383@gmail.com,ES,Barcelona,370,2025-08-02
31100,Jessica Weber,jessica.weber746@hotmail.es,ES,Valencia,567,2025-09-25
31108,Michael Richter,michael.richter854@yahoo.es,ES,Valencia,995,2025-03-16
31152,Андрей Schafer,андрей.schafer241@o2.pl,PL,Warsaw,730,2025-05-04
31168,Michelle Schulz,michelle.schulz851@outlook.com,US,Phoenix,952,2025-02-05
31308,Maria Williams,maria.williams309@gmail.com,ES,Barcelona,868,2025-02-28
31457,Мария Fischer,мария.fischer383@gmail.com,ES,Madrid,842,2024-12-14
31562,Wolfgang Becker,wolfgang.becker455@gmail.com,IT,Palermo,760,2025-05-25
31590,Susanne Schmidt,susanne.schmidt283@outlook.com,US,Los Angeles,731,2025-10-04
31593,Hans Алексеев,hans.алексеев449@libero.it,IT,Naples,764,2025-01-30
31604,Ольга Петров,ольга.петров956@yandex.ru,RU,Novosibirsk,333,2025-03-28
31641,Ирина Weber,ирина.weber402@gmail.com,ES,Madrid,130,2025-05-30
31759,Ирина Koch,ирина.koch483@yahoo.es,ES,Barcelona,781,2025-05-31
31779,Мария Лебедев,мария.лебедев779@outlook.com,US,Phoenix,921,2025-01-20
31797,Anna Смирнов,anna.смирнов20@gmail.com,DE,Frankfurt,674,2024-12-31
31802,John Wilson,john.wilson575@gmail.com,GB,Birmingham,529,2025-10-06
31862,James Сидоров,james.сидоров848@outlook.com,US,New York,296,2025-09-14
32054,James Rodriguez,james.rodriguez167@gmail.com,RU,SPB,123,2025-02-26
32350,Александр Fischer,александр.fischer28@gmail.com,US,New York,395,2025-05-29
32437,Susanne Schafer,susanne.schafer326@orange.fr,FR,Paris,392,2025-11-08
32472,Sabine Müller,sabine.müller75@gmail.com,IT,Rome,504,2025-11-20
32762,Михаил Лебедев,михаил.лебедев501@outlook.com,US,Chicago,483,2025-09-18
32887,Maria Müller,maria.müller542@wp.pl,PL,Warsaw,397,2025-01-19
32894,Jessica Смирнов,jessica.смирнов430@mail.ru,RU,Kazan,888,2025-06-22
33028,Anna Rodriguez,anna.rodriguez930@outlook.com,US,Chicago,595,2025-02-13
33056,Иван Смирнов,иван.смирнов774@gmail.com,FR,Marseille,367,2024-12-23
33334,Сергей Bauer,сергей.bauer808@yahoo.es,ES,Madrid,610,2025-06-15
33383,Nicole Schafer,nicole.schafer408@outlook.com,US,New York,417,2025-01-08
33410,Ольга Smith,ольга.smith601@orange.fr,FR,Lyon,155,2025-02-16
33414,Наталья Козлов,наталья.козлов715@mail.ru,RU,SPB,506,2025-03-31
33435,Michael Schneider,michael.schneider220@o2.pl,PL,Krakow,584,2025-06-06
33452,Andreas Johnson,andreas.johnson640@yahoo.co.uk,GB,Liverpool,304,2025-03-24
33457,Ирина Garcia,ирина.garcia285@orange.fr,FR,Lyon,196,2025-09-17
33628,Andrea Fischer,andrea.fischer130@outlook.com,GB,Manchester,504,2025-11-18
33633,Михаил Meyer,михаил.meyer545@libero.it,IT,Naples,510,2025-04-12
33727,Петр Смирнов,петр.смирнов726@libero.it,IT,Naples,767,2025-11-25
33789,Hans Rodriguez,hans.rodriguez557@gmail.com,GB,Manchester,198,2025-03-09
33801,Сергей Wilson,сергей.wilson347@o2.pl,PL,Poznan,186,2025-02-02
33821,Елена Волков,елена.волков893@wp.pl,PL,Gdansk,976,2025-09-04
33830,Андрей Johnson,андрей.johnson939@outlook.com,GB,Manchester,169,2025-08-21
33875,Stefan Williams,stefan.williams686@yandex.ru,RU,SPB,828,2025-04-04
33893,Татьяна Rodriguez,татьяна.rodriguez443@mail.ru,RU,Moscow,189,2025-09-13
33945,Wolfgang Волков,wolfgang.волков177@gmail.com,FR,Nice,856,2025-10-22
34105,Klaus Rodriguez,klaus.rodriguez891@yahoo.co.uk,GB,Glasgow,896,2025-11-14
34132,Сергей Соколов,сергей.соколов593@yahoo.com,US,New York,739,2025-08-13
34313,Мария Schulz,мария.schulz216@hotmail.es,ES,Madrid,889,2025-06-15
34327,Michael Петров,michael.петров942@orange.fr,FR,Toulouse,173,2025-08-11
34557,David Lopez,david.lopez50@yandex.ru,RU,SPB,630,2024-12-23
34559,William Сидоров,william.сидоров491@gmail.com,GB,Glasgow,821,2025-07-19
34583,Richard Морозов,richard.морозов567@gmail.com,ES,Seville,345,2025-10-25
34663,William Schafer,william.schafer195@yahoo.es,ES,Valencia,951,2025-09-14
34777,Михаил Weber,михаил.weber735@gmail.com,US,Houston,879,2025-04-02
34789,Klaus Алексеев,klaus.алексеев821@yahoo.com,US,New York,298,2025-06-30
34801,Иван Козлов,иван.козлов182@gmail.com,IT,Palermo,441,2025-04-10
34835,Анна Соколов,анна.соколов829@gmail.com,US,Houston,789,2025-09-07
34849,Ольга Wilson,ольга.wilson937@yahoo.com,US,New York,805,2025-02-02
34884,Иван Иванов,иван.иванов773@free.fr,FR,Nice,813,2025-06-25
34989,Andrea Garcia,andrea.garcia411@gmail.com,DE,Munich,295,2025-06-17
35175,Amy Martinez,amy.martinez971@orange.fr,FR,Nice,635,2025-09-04
35343,Michael Smith,michael.smith518@yahoo.es,ES,Valencia,542,2025-08-09
35460,Александр Hoffmann,александр.hoffmann837@mail.ru,RU,Moscow,837,2025-02-20
35642,Amy Becker,amy.becker136@outlook.com,US,Phoenix,312,2025-04-27
35648,Maria Meyer,maria.meyer321@wp.pl,PL,Krakow,290,2025-08-30
35704,Sarah Schneider,sarah.schneider592@outlook.com,GB,Glasgow,832,2025-02-24
35802,Nicole Волков,nicole.волков619@gmail.com,GB,Manchester,373,2025-07-29
35868,David Fischer,david.fischer556@web.de,DE,Hamburg,279,2025-03-06
35957,David Lopez,david.lopez266@libero.it,IT,Rome,669,2025-04-02
36049,Дмитрий Koch,дмитрий.koch403@free.fr,FR,Marseille,325,2024-12-16
36093,Andrea Иванов,andrea.иванов487@gmail.com,IT,Milan,931,2025-10-20
36360,Елена Williams,елена.williams741@web.de,DE,Frankfurt,768,2025-05-05
36362,Jennifer Иванов,jennifer.иванов332@free.fr,FR,Lyon,546,2025-03-17
36575,Ольга Richter,ольга.richter611@web.de,DE,Munich,864,2025-07-17
36652,Татьяна Соколов,татьяна.соколов523@gmail.com,IT,Naples,664,2025-03-25
36696,Richard Алексеев,richard.алексеев991@yahoo.es,ES,Seville,819,2025-02-22
36722,Michael Williams,michael.williams826@outlook.com,GB,Liverpool,857,2025-06-13
36724,Анна Williams,анна.williams322@hotmail.es,ES,Madrid,767,2025-03-11
36742,Klaus Meyer,klaus.meyer321@yahoo.com,US,Phoenix,605,2025-04-08
36743,Lisa Jones,lisa.jones825@gmail.com,DE,Berlin,529,2025-03-13
36841,Michael Лебедев,michael.лебедев40@yahoo.it,IT,Rome,929,2025-08-18
36895,Анна Brown,анна.brown802@mail.ru,RU,Ekaterinburg,884,2025-03-13
36938,Мария Rodriguez,мария.rodriguez978@web.de,DE,Munich,520,2025-08-09
37054,Stefan Новиков,stefan.новиков161@gmail.com,RU,SPB,395,2025-01-12
37186,Сергей Wagner,сергей.wagner462@hotmail.es,ES,Zaragoza,326,2025-11-19
37260,Александр Волков,александр.волков868@outlook.com,GB,Manchester,370,2024-12-26
37339,Михаил Becker,михаил.becker198@outlook.com,US,Houston,507,2025-08-27
37349,Ольга Richter,ольга.richter579@web.de,DE,Munich,510,2025-08-20
37432,Анна Jones,анна.jones853@web.de,DE,Berlin,141,2024-12-19
37502,Петр Петров,петр.петров587@gmail.com,IT,Palermo,370,2025-07-04
37600,Анна Johnson,анна.johnson652@mail.ru,RU,SPB,227,2025-05-10
37641,Елена Becker,елена.becker90@free.fr,FR,Nice,977,2025-02-23
37780,James Koch,james.koch246@hotmail.es,ES,Madrid,373,2025-10-05
37787,Jessica Martinez,jessica.martinez816@mail.ru,RU,Kazan,141,2025-09-04
37886,Sarah Brown,sarah.brown107@gmail.com,IT,Rome,797,2025-06-17
37937,Иван Петров,иван.петров911@yandex.ru,RU,SPB,116,2024-12-22
38378,Maria Williams,maria.williams340@yahoo.es,ES,Seville,942,2025-03-04
38499,Petra Jones,petra.jones184@gmail.com,DE,Munich,615,2025-04-19
38568,Wolfgang Schulz,wolfgang.schulz871@gmail.com,US,Houston,138,2025-05-19
38615,Robert Wilson,robert.wilson257@gmail.com,DE,Frankfurt,444,2025-10-31
38635,Michael Wagner,michael.wagner419@gmail.com,IT,Turin,925,2025-03-30
38643,John Brown,john.brown403@gmail.com,GB,Liverpool,697,2025-11-25
38703,Maria Новиков,maria.новиков556@gmail.com,RU,Ekaterinburg,772,2025-04-16
38767,Robert Smith,robert.smith154@yahoo.it,IT,Milan,892,2025-04-26
39031,Andreas Wagner,andreas.wagner18@outlook.com,US,Chicago,931,2025-09-12
39088,Hans Schafer,hans.schafer723@yandex.ru,RU,Moscow,186,2025-07-27
39095,Александр Лебедев,александр.лебедев986@free.fr,FR,Toulouse,227,2025-03-04
39368,Ольга Соколов,ольга.соколов33@gmail.com,FR,Marseille,819,2025-10-02
39437,Michelle Becker,michelle.becker239@yahoo.com,US,Chicago,723,2025-03-23
39440,Anna Иванов,anna.иванов472@mail.ru,RU,Moscow,714,2025-10-06
39716,Stefan Wilson,stefan.wilson627@outlook.com,US,Chicago,331,2025-11-17
39723,Andreas Hoffmann,andreas.hoffmann504@wp.pl,PL,Wroclaw,150,2025-04-13
39771,Jennifer Weber,jennifer.weber470@yahoo.co.uk,GB,Glasgow,641,2025-02-02
39905,Иван Schulz,иван.schulz274@gmail.com,DE,Hamburg,584,2025-06-16
39960,Michael Wagner,michael.wagner34@hotmail.es,ES,Seville,260,2024-12-27
39963,Ольга Волков,ольга.волков458@gmail.com,US,Chicago,963,2025-10-30
39977,Анна Попов,анна.попов128@gmail.com,DE,Frankfurt,959,2025-09-12
40108,Richard Wilson,richard.wilson442@free.fr,FR,Marseille,442,2025-03-11
40155,Ольга Hernandez,ольга.hernandez663@gmail.com,PL,Poznan,311,2025-06-13
40230,James Johnson,james.johnson850@yahoo.co.uk,GB,Manchester,901,2025-06-27
40359,Susanne Bauer,susanne.bauer876@o2.pl,PL,Krakow,520,2025-03-17
40459,Amy Петров,amy.петров673@gmail.com,DE,Berlin,102,2025-05-28
40478,Дмитрий Smith,дмитрий.smith572@gmx.de,DE,Frankfurt,586,2025-04-28
40479,Мария Smith,мария.smith175@mail.ru,RU,Kazan,445,2025-03-10
40512,Сергей Hoffmann,сергей.hoffmann126@gmx.de,DE,Munich,523,2025-09-27
40583,Susanne Schmidt,susanne.schmidt383@gmail.com,PL,Poznan,225,2025-02-15
40687,Мария Попов,мария.попов638@wp.pl,PL,Warsaw,891,2025-10-19
40808,Дмитрий Кузнецов,дмитрий.кузнецов316@free.fr,FR,Nice,484,2025-07-03
40839,Michael Новиков,michael.новиков623@orange.fr,FR,Lyon,249,2025-08-17
40854,Lisa Davis,lisa.davis322@free.fr,FR,Marseille,261,2025-07-03
40880,Andreas Hernandez,andreas.hernandez431@gmail.com,IT,Naples,559,2025-07-30
40892,Michelle Martinez,michelle.martinez875@gmail.com,ES,Zaragoza,900,2025-03-02
40930,Wolfgang Davis,wolfgang.davis63@hotmail.es,ES,Barcelona,367,2025-10-31
40939,Ирина Johnson,ирина.johnson980@hotmail.es,ES,Zaragoza,382,2025-03-14
40953,Thomas Schmidt,thomas.schmidt702@gmx.de,DE,Berlin,999,2025-08-01
40977,William Schmidt,william.schmidt433@wp.pl,PL,Wroclaw,849,2025-10-16
41196,Hans Williams,hans.williams333@yandex.ru,RU,Novosibirsk,988,2025-05-21
41239,Emily Martinez,emily.martinez238@gmail.com,PL,Warsaw,455,2025-02-09
41263,Иван Müller,иван.müller777@gmail.com,US,Houston,232,2025-01-14
41273,William Schulz,william.schulz174@outlook.com,US,Los Angeles,259,2025-10-18
41344,Klaus Davis,klaus.davis174@outlook.com,US,New York,382,2025-08-29
41402,William Попов,william.попов311@gmail.com,IT,Palermo,837,2025-08-10
41481,Thomas Смирнов,thomas.смирнов317@gmail.com,FR,Marseille,359,2025-02-08
41709,Lisa Meyer,lisa.meyer151@yahoo.co.uk,GB,London,357,2025-02-27
41940,Елена Hoffmann,елена.hoffmann340@orange.fr,FR,Toulouse,981,2025-08-12
41996,Emily Смирнов,emily.смирнов271@yahoo.es,ES,Barcelona,792,2025-08-08
42082,Andrea Müller,andrea.müller422@free.fr,FR,Paris,262,2025-09-05
42165,Michelle Сидоров,michelle.сидоров827@yahoo.com,US,New York,672,2025-11-23
42183,Sabine Соколов,sabine.соколов100@gmx.de,DE,Berlin,309,2025-09-27
42195,Sarah Jones,sarah.jones124@gmail.com,US,New York,430,2025-09-18
42243,Jessica Bauer,jessica.bauer498@gmail.com,US,Phoenix,273,2025-12-08
42276,Sarah Петров,sarah.петров897@orange.fr,FR,Paris,443,2025-02-22
42447,Petra Meyer,petra.meyer928@gmail.com,US,Houston,721,2025-05-10
42585,Andrea Соколов,andrea.соколов233@gmail.com,IT,Milan,514,2025-06-05
42633,Ирина Bauer,ирина.bauer991@web.de,DE,Cologne,315,2024-12-28
42647,Petra Richter,petra.richter249@yahoo.it,IT,Rome,386,2025-04-16
42667,Наталья Becker,наталья.becker723@yahoo.es,ES,Seville,772,2025-02-21
42710,Sabine Wagner,sabine.wagner368@libero.it,IT,Milan,131,2025-08-06
42724,Александр Соколов,александр.соколов148@outlook.com,US,Houston,851,2025-08-21
42807,Klaus Koch,klaus.koch163@libero.it,IT,Rome,586,2025-06-24
42975,David Schulz,david.schulz600@gmail.com,PL,Krakow,888,2025-02-23
43077,Sarah Wagner,sarah.wagner789@gmail.com,ES,Seville,378,2025-11-10
43187,Klaus Wagner,klaus.wagner892@gmail.com,ES,Valencia,163,2025-06-24
43203,Jessica Miller,jessica.miller904@gmail.com,PL,Krakow,767,2025-06-06
43300,Петр Koch,петр.koch874@gmail.com,FR,Paris,586,2025-08-18
43384,Jennifer Морозов,jennifer.морозов409@gmail.com,RU,Kazan,394,2025-09-08
43478,Maria Weber,maria.weber671@yahoo.it,IT,Milan,263,2025-12-01
43589,Jennifer Bauer,jennifer.bauer899@mail.ru,RU,Moscow,836,2025-12-01
43853,Thomas Miller,thomas.miller186@gmail.com,PL,Krakow,129,2025-06-17
43994,Сергей Fischer,сергей.fischer905@gmail.com,IT,Rome,869,2025-06-17
44014,Anna Алексеев,anna.алексеев43@outlook.com,GB,Manchester,231,2025-08-26
44033,Andrea Смирнов,andrea.смирнов194@web.de,DE,Berlin,716,2025-06-01
44046,David Schmidt,david.schmidt813@gmail.com,PL,Krakow,731,2025-11-15
44084,Thomas Смирнов,thomas.смирнов588@hotmail.es,ES,Valencia,971,2025-07-14
44201,Andreas Алексеев,andreas.алексеев664@gmail.com,ES,Barcelona,349,2025-10-14
44218,Richard Müller,richard.müller991@o2.pl,PL,Warsaw,382,2025-03-12
44223,Michael Морозов,michael.морозов489@gmail.com,US,New York,380,2025-11-10
44446,Sarah Fischer,sarah.fischer586@libero.it,IT,Palermo,378,2025-05-21
44591,Наталья Lopez,наталья.lopez977@web.de,DE,Frankfurt,360,2025-11-22
44603,Emily Соколов,emily.соколов607@gmail.com,US,Phoenix,164,2025-01-14
44611,John Jones,john.jones650@gmail.com,DE,Cologne,420,2025-03-06
44661,James Weber,james.weber613@yahoo.com,US,Phoenix,347,2025-03-31
44990,Сергей Сидоров,сергей.сидоров595@gmx.de,DE,Hamburg,758,2025-05-15
45039,Петр Koch,петр.koch884@mail.ru,RU,SPB,687,2025-01-05
45111,Петр Соколов,петр.соколов327@web.de,DE,Frankfurt,590,2025-05-14
45287,Sarah Koch,sarah.koch208@yandex.ru,RU,SPB,370,2025-04-04
45437,Sarah Richter,sarah.richter795@gmail.com,DE,Hamburg,104,2025-04-23
45473,Michael Hoffmann,michael.hoffmann444@gmail.com,ES,Barcelona,165,2025-01-06
45626,Михаил Rodriguez,михаил.rodriguez640@gmail.com,IT,Turin,641,2025-10-24
45630,Wolfgang Сидоров,wolfgang.сидоров233@gmail.com,PL,Gdansk,173,2025-11-25
45674,Ирина Fischer,ирина.fischer643@yahoo.co.uk,GB,Glasgow,824,2025-06-13
45710,Михаил Попов,михаил.попов968@gmail.com,ES,Zaragoza,100,2025-02-20
45729,Александр Петров,александр.петров684@gmail.com,DE,Berlin,912,2025-11-28
45802,James Weber,james.weber964@web.de,DE,Munich,434,2025-12-02
45805,Michael Garcia,michael.garcia349@gmail.com,FR,Marseille,310,2025-02-01
45874,Emily Müller,emily.müller114@gmail.com,US,Phoenix,592,2025-11-21
46050,David Алексеев,david.алексеев225@yahoo.co.uk,GB,Liverpool,450,2025-08-18
46066,Susanne Морозов,susanne.морозов68@gmail.com,RU,SPB,564,2025-01-24
46105,Petra Schmidt,petra.schmidt250@outlook.com,US,Houston,856,2025-03-04
46184,David Becker,david.becker728@libero.it,IT,Naples,643,2025-02-10
46723,Wolfgang Lopez,wolfgang.lopez280@yahoo.com,US,New York,144,2025-02-15
46764,Wolfgang Johnson,wolfgang.johnson752@web.de,DE,Berlin,392,2024-12-24
46795,Sarah Lopez,sarah.lopez825@web.de,DE,Berlin,304,2025-01-03
46865,Jennifer Hoffmann,jennifer.hoffmann438@gmail.com,DE,Frankfurt,732,2025-11-08
46956,John Brown,john.brown568@hotmail.es,ES,Barcelona,331,2025-05-30
47045,Klaus Miller,klaus.miller786@mail.ru,RU,Kazan,791,2025-08-14
47098,Michael Davis,michael.davis831@free.fr,FR,Lyon,242,2024-12-29
47103,Ирина Иванов,ирина.иванов759@gmail.com,PL,Poznan,503,2025-09-29
47320,Андрей Лебедев,андрей.лебедев143@gmail.com,PL,Gdansk,668,2025-07-03
47422,Sarah Лебедев,sarah.лебедев578@gmail.com,IT,Palermo,121,2025-07-22
47674,Jessica Wagner,jessica.wagner786@gmail.com,GB,London,292,2025-04-25
47964,Anna Schmidt,anna.schmidt324@gmx.de,DE,Frankfurt,742,2025-10-06
48086,Андрей Соколов,андрей.соколов76@wp.pl,PL,Poznan,719,2024-12-31
48174,Дмитрий Brown,дмитрий.brown953@gmail.com,US,New York,938,2024-12-18
48315,William Weber,william.weber256@gmail.com,PL,Wroclaw,404,2025-04-18
48481,William Lopez,william.lopez840@web.de,DE,Cologne,955,2025-06-09
48530,James Smith,james.smith965@wp.pl,PL,Wroclaw,478,2025-07-23
48545,David Кузнецов,david.кузнецов251@yandex.ru,RU,Moscow,101,2025-09-01
48647,John Weber,john.weber445@mail.ru,RU,Novosibirsk,416,2025-05-21
48668,Александр Морозов,александр.морозов564@mail.ru,RU,SPB,998,2025-01-19
48710,John Петров,john.петров545@o2.pl,PL,Poznan,968,2024-12-13
48726,Amy Лебедев,amy.лебедев391@outlook.com,US,New York,315,2025-06-04
48805,Hans Иванов,hans.иванов56@yahoo.it,IT,Rome,658,2025-10-26
48836,Sabine Fischer,sabine.fischer605@wp.pl,PL,Poznan,717,2025-07-10
49095,Дмитрий Richter,дмитрий.richter543@o2.pl,PL,Gdansk,341,2025-01-30
49317,Наталья Алексеев,наталья.алексеев493@yahoo.com,US,New York,663,2025-11-03
49449,Михаил Schafer,михаил.schafer536@gmail.com,ES,Seville,974,2025-03-23
49554,Wolfgang Williams,wolfgang.williams41@gmail.com,ES,Barcelona,593,2025-01-24
49564,Lisa Garcia,lisa.garcia473@outlook.com,GB,Liverpool,877,2025-08-29
49578,Hans Lopez,hans.lopez607@gmail.com,IT,Turin,884,2025-05-09
49719,Петр Hernandez,петр.hernandez619@gmail.com,IT,Rome,790,2025-03-04
49818,James Wagner,james.wagner258@gmail.com,FR,Lyon,683,2025-02-06
49842,Emily Лебедев,emily.лебедев916@free.fr,FR,Paris,274,2025-01-13
49849,Andrea Brown,andrea.brown804@gmail.com,IT,Palermo,889,2025-11-13
49881,James Miller,james.miller36@gmail.com,RU,Novosibirsk,703,2024-12-25
50024,Михаил Martinez,михаил.martinez701@web.de,DE,Cologne,362,2025-12-02
50025,Анна Müller,анна.müller549@gmail.com,DE,Berlin,194,2025-04-26
50057,Анна Fischer,анна.fischer517@yandex.ru,RU,Kazan,723,2025-11-11
50213,Susanne Jones,susanne.jones879@gmail.com,PL,Krakow,369,2025-11-12
50262,Мария Jones,мария.jones873@gmail.com,FR,Nice,262,2025-01-16
50324,Михаил Петров,михаил.петров406@gmail.com,ES,Madrid,187,2025-04-12
50375,Sabine Hernandez,sabine.hernandez582@hotmail.es,ES,Barcelona,416,2025-09-20
50391,Andrea Schmidt,andrea.schmidt180@yahoo.com,US,Phoenix,200,2024-12-17
50406,Михаил Schulz,михаил.schulz332@mail.ru,RU,Moscow,626,2025-08-29
50431,Susanne Jones,susanne.jones201@web.de,DE,Munich,529,2025-08-04
50786,John Соколов,john.соколов656@outlook.com,US,Houston,889,2025-08-08
50824,Jessica Davis,jessica.davis188@web.de,DE,Hamburg,118,2025-07-02
50829,Петр Петров,петр.петров730@gmail.com,RU,Moscow,973,2025-06-06
50874,Сергей Волков,сергей.волков542@o2.pl,PL,Warsaw,421,2025-02-26
50938,Lisa Schmidt,lisa.schmidt724@wp.pl,PL,Poznan,123,2025-04-06
50974,Jessica Schulz,jessica.schulz972@hotmail.es,ES,Zaragoza,349,2025-07-28
50991,Michael Miller,michael.miller796@libero.it,IT,Rome,811,2025-11-02
51015,William Becker,william.becker108@o2.pl,PL,Wroclaw,207,2025-08-11
51171,Александр Bauer,александр.bauer28@gmail.com,IT,Naples,715,2025-12-04
51209,Lisa Schneider,lisa.schneider526@gmail.com,US,Phoenix,400,2025-02-26
51232,Михаил Jones,михаил.jones129@gmx.de,DE,Hamburg,594,2025-02-11
51271,Мария Петров,мария.петров414@outlook.com,GB,Manchester,986,2025-07-25
51303,Emily Смирнов,emily.смирнов465@o2.pl,PL,Krakow,829,2025-03-10
51327,John Алексеев,john.алексеев830@gmail.com,US,Chicago,711,2025-08-28
51414,Михаил Koch,михаил.koch176@yahoo.es,ES,Madrid,596,2025-03-01
51422,Сергей Попов,сергей.попов661@hotmail.es,ES,Madrid,533,2025-08-11
51459,Maria Martinez,maria.martinez190@gmail.com,DE,Frankfurt,764,2025-07-06
51576,Jennifer Becker,jennifer.becker878@outlook.com,US,Los Angeles,814,2025-11-08
51724,Richard Jones,richard.jones983@yahoo.it,IT,Milan,317,2025-06-17
51810,Ольга Müller,ольга.müller105@outlook.com,US,New York,557,2025-03-13
51829,Наталья Кузнецов,наталья.кузнецов755@web.de,DE,Berlin,508,2025-09-04
51848,Ольга Wagner,ольга.wagner912@gmx.de,DE,Cologne,316,2025-04-08
51858,Andreas Fischer,andreas.fischer528@o2.pl,PL,Wroclaw,571,2025-09-21
51918,Hans Becker,hans.becker660@gmail.com,PL,Gdansk,996,2025-08-24
52109,Susanne Hoffmann,susanne.hoffmann4@yahoo.co.uk,GB,Birmingham,452,2025-09-03
52159,Emily Garcia,emily.garcia480@yandex.ru,RU,Novosibirsk,362,2025-07-22
52250,Andreas Wagner,andreas.wagner273@gmail.com,FR,Toulouse,877,2024-12-22
52266,Мария Meyer,мария.meyer488@gmail.com,US,New York,157,2025-12-02
52451,Susanne Becker,susanne.becker547@gmail.com,RU,Ekaterinburg,431,2025-06-30
52521,Андрей Fischer,андрей.fischer668@yahoo.it,IT,Milan,509,2025-02-23
52553,Susanne Weber,susanne.weber494@gmail.com,GB,Glasgow,685,2025-05-15
52556,John Koch,john.koch556@gmail.com,GB,Glasgow,766,2025-06-02
52571,Anna Козлов,anna.козлов840@mail.ru,RU,SPB,957,2024-12-11
52620,Michelle Bauer,michelle.bauer973@yandex.ru,RU,Novosibirsk,654,2025-01-23
52670,Michael Кузнецов,michael.кузнецов243@free.fr,FR,Marseille,352,2025-10-26
52765,Emily Волков,emily.волков753@gmail.com,GB,Liverpool,903,2025-10-20
52766,Petra Алексеев,petra.алексеев309@gmail.com,PL,Wroclaw,710,2025-03-16
52816,James Козлов,james.козлов940@gmail.com,US,Chicago,330,2025-11-03
52839,Maria Schneider,maria.schneider238@gmail.com,ES,Seville,584,2025-08-29
52855,Petra Rodriguez,petra.rodriguez393@yahoo.com,US,Chicago,884,2024-12-15
52856,Nicole Кузнецов,nicole.кузнецов614@yahoo.co.uk,GB,Glasgow,805,2025-01-03
52862,Наталья Weber,наталья.weber818@o2.pl,PL,Gdansk,372,2025-10-15
52879,Andrea Meyer,andrea.meyer206@gmail.com,PL,Gdansk,338,2025-06-18
52972,Наталья Hernandez,наталья.hernandez180@gmail.com,IT,Palermo,336,2025-01-01
53115,Андрей Смирнов,андрей.смирнов898@gmail.com,US,Los Angeles,651,2025-09-16
53298,Stefan Williams,stefan.williams207@outlook.com,US,Chicago,795,2025-08-13
53415,Richard Волков,richard.волков349@gmail.com,IT,Naples,918,2025-10-06
53484,James Meyer,james.meyer949@yahoo.com,US,Chicago,421,2025-04-18
53530,Sarah Алексеев,sarah.алексеев85@gmail.com,ES,Valencia,373,2025-05-29
53612,Anna Соколов,anna.соколов196@gmail.com,FR,Nice,535,2025-09-18
53882,Sarah Johnson,sarah.johnson834@outlook.com,US,Los Angeles,380,2025-04-14
53886,Sabine Schafer,sabine.schafer900@yahoo.co.uk,GB,Liverpool,953,2025-09-26
53960,Klaus Garcia,klaus.garcia838@yahoo.co.uk,GB,Glasgow,832,2025-06-11
54100,Михаил Кузнецов,михаил.кузнецов523@gmail.com,DE,Berlin,591,2025-02-16
54277,Emily Garcia,emily.garcia984@gmail.com,GB,Glasgow,232,2025-10-01
54397,Александр Johnson,александр.johnson547@gmail.com,FR,Lyon,294,2025-07-24
54399,Michael Козлов,michael.козлов749@gmail.com,IT,Palermo,592,2024-12-17
54486,Hans Wagner,hans.wagner184@gmail.com,DE,Cologne,682,2025-04-29
54599,Michael Лебедев,michael.лебедев706@free.fr,FR,Marseille,795,2025-01-06
54684,Sabine Fischer,sabine.fischer436@orange.fr,FR,Lyon,216,2025-03-01
54900,Jennifer Jones,jennifer.jones44@gmail.com,GB,Birmingham,748,2025-02-12
55186,David Martinez,david.martinez319@yandex.ru,RU,Ekaterinburg,789,2025-06-07
55223,Анна Davis,анна.davis886@o2.pl,PL,Warsaw,308,2025-03-29
55360,Jennifer Fischer,jennifer.fischer1@web.de,DE,Munich,657,2025-11-17
55448,Hans Martinez,hans.martinez983@free.fr,FR,Lyon,718,2025-11-28
55539,Sabine Волков,sabine.волков722@orange.fr,FR,Toulouse,883,2025-11-30
55678,Michael Jones,michael.jones367@gmail.com,GB,Liverpool,436,2025-03-06
55898,Michelle Морозов,michelle.морозов277@outlook.com,US,Chicago,949,2025-10-23
55988,Wolfgang Иванов,wolfgang.иванов671@yahoo.com,US,Houston,340,2025-10-24
56041,Michael Davis,michael.davis337@gmail.com,DE,Hamburg,422,2025-09-17
56066,Maria Rodriguez,maria.rodriguez155@orange.fr,FR,Nice,253,2025-03-14
56090,Lisa Сидоров,lisa.сидоров518@gmail.com,PL,Gdansk,911,2025-11-30
56285,Michael Williams,michael.williams495@mail.ru,RU,Moscow,315,2025-03-24
56405,Michael Davis,michael.davis180@yahoo.com,US,New York,911,2025-06-24
56437,Елена Schmidt,елена.schmidt727@o2.pl,PL,Wroclaw,824,2025-11-30
56531,Thomas Попов,thomas.попов763@gmail.com,DE,Frankfurt,161,2025-06-11
56550,Александр Weber,александр.weber174@gmail.com,FR,Toulouse,486,2025-05-18
56554,Александр Попов,александр.попов115@hotmail.es,ES,Madrid,828,2025-06-20
56941,Sabine Meyer,sabine.meyer704@o2.pl,PL,Poznan,135,2025-06-08
56983,Наталья Schmidt,наталья.schmidt307@outlook.com,GB,Liverpool,524,2025-08-15
57129,Nicole Иванов,nicole.иванов776@orange.fr,FR,Lyon,462,2025-09-12
57178,Мария Lopez,мария.lopez889@gmx.de,DE,Cologne,954,2025-05-26
57210,Ирина Jones,ирина.jones349@orange.fr,FR,Paris,262,2025-09-10
57245,Anna Schmidt,anna.schmidt507@gmail.com,ES,Seville,745,2025-06-09
57254,Anna Smith,anna.smith670@wp.pl,PL,Poznan,702,2025-10-02
57259,Андрей Кузнецов,андрей.кузнецов716@gmail.com,ES,Barcelona,946,2025-08-12
57450,Anna Johnson,anna.johnson248@outlook.com,GB,Liverpool,412,2025-02-08
57454,Jennifer Алексеев,jennifer.алексеев455@yahoo.co.uk,GB,Liverpool,344,2024-12-28
57635,Sabine Martinez,sabine.martinez491@gmail.com,DE,Cologne,975,2025-02-02
57984,Michelle Davis,michelle.davis218@outlook.com,GB,Birmingham,583,2024-12-18
58015,Ольга Новиков,ольга.новиков166@gmail.com,RU,SPB,386,2025-11-15
58023,Michael Martinez,michael.martinez270@gmail.com,IT,Turin,112,2025-10-23
58090,John Алексеев,john.алексеев360@gmail.com,US,Chicago,177,2025-02-01
58180,Jennifer Müller,jennifer.müller157@yandex.ru,RU,Kazan,644,2025-06-02
58218,Ольга Richter,ольга.richter546@yahoo.es,ES,Seville,921,2025-08-28
58235,Андрей Williams,андрей.williams350@yahoo.com,US,Houston,301,2025-08-31
58260,Maria Сидоров,maria.сидоров23@gmx.de,DE,Frankfurt,447,2025-03-22
58274,Михаил Rodriguez,михаил.rodriguez190@hotmail.es,ES,Zaragoza,254,2025-05-17
58320,Jennifer Schmidt,jennifer.schmidt561@gmail.com,RU,Moscow,324,2025-09-02
58369,John Schulz,john.schulz141@orange.fr,FR,Lyon,187,2025-08-19
58441,Sarah Martinez,sarah.martinez533@libero.it,IT,Rome,797,2025-04-01
58465,Sabine Сидоров,sabine.сидоров319@gmail.com,ES,Zaragoza,297,2025-04-17
58476,Ольга Koch,ольга.koch628@yahoo.it,IT,Naples,257,2025-11-03
58590,Susanne Schmidt,susanne.schmidt367@yahoo.es,ES,Seville,562,2025-03-24
58609,Michael Соколов,michael.соколов68@orange.fr,FR,Paris,948,2025-10-16
58613,Иван Davis,иван.davis607@libero.it,IT,Milan,800,2025-06-17
58706,Татьяна Weber,татьяна.weber491@outlook.com,GB,Birmingham,839,2025-10-13
58749,David Meyer,david.meyer958@gmail.com,IT,Rome,821,2025-02-19
58955,Jessica Новиков,jessica.новиков748@outlook.com,US,New York,746,2024-12-15
59004,Robert Miller,robert.miller425@yahoo.co.uk,GB,Liverpool,651,2025-10-23
59071,Thomas Попов,thomas.попов762@wp.pl,PL,Wroclaw,901,2025-10-03
59137,Дмитрий Smith,дмитрий.smith882@gmx.de,DE,Munich,937,2025-07-31
59190,James Hernandez,james.hernandez159@gmail.com,DE,Cologne,813,2025-08-23
59325,Иван Кузнецов,иван.кузнецов11@gmx.de,DE,Berlin,154,2025-09-03
59401,Anna Попов,anna.попов298@o2.pl,PL,Poznan,511,2025-01-26
59465,Nicole Козлов,nicole.козлов260@yahoo.it,IT,Milan,136,2025-05-07
59493,Andrea Bauer,andrea.bauer864@yahoo.es,ES,Barcelona,483,2025-05-17
59510,Sarah Hoffmann,sarah.hoffmann209@gmail.com,PL,Warsaw,947,2024-12-21
59542,Wolfgang Davis,wolfgang.davis617@libero.it,IT,Milan,582,2025-04-18
59575,John Соколов,john.соколов876@gmail.com,FR,Marseille,271,2025-10-18
60045,John Schneider,john.schneider616@outlook.com,US,New York,355,2025-10-30
60063,Анна Schafer,анна.schafer671@yandex.ru,RU,Novosibirsk,302,2024-12-15
60079,Stefan Johnson,stefan.johnson62@gmail.com,PL,Wroclaw,200,2025-03-01
60098,James Hernandez,james.hernandez369@gmail.com,US,Los Angeles,316,2025-02-27
60175,Stefan Лебедев,stefan.лебедев665@o2.pl,PL,Warsaw,795,2025-09-23
60176,Jessica Морозов,jessica.морозов245@hotmail.es,ES,Barcelona,938,2025-12-09
60182,Michelle Козлов,michelle.козлов58@outlook.com,GB,Glasgow,166,2025-10-09
60244,Michael Davis,michael.davis5@gmx.de,DE,Hamburg,357,2025-05-29
60371,Robert Jones,robert.jones732@gmail.com,GB,Glasgow,345,2025-05-30
60479,Дмитрий Алексеев,дмитрий.алексеев683@yahoo.es,ES,Barcelona,681,2025-09-03
60527,Сергей Miller,сергей.miller63@yahoo.co.uk,GB,Liverpool,620,2024-12-12
60570,Сергей Волков,сергей.волков439@outlook.com,GB,Birmingham,713,2025-01-27
60609,Michelle Jones,michelle.jones541@gmx.de,DE,Hamburg,983,2025-09-29
60626,Wolfgang Davis,wolfgang.davis764@gmail.com,GB,Manchester,948,2025-11-25
60774,Anna Wagner,anna.wagner21@yahoo.es,ES,Seville,402,2025-10-30
60936,Елена Lopez,елена.lopez489@yahoo.com,US,New York,299,2025-09-10
61049,Елена Koch,елена.koch859@outlook.com,GB,Manchester,906,2024-12-25
61086,Дмитрий Иванов,дмитрий.иванов545@gmail.com,IT,Milan,470,2025-01-03
61096,Сергей Лебедев,сергей.лебедев211@gmail.com,PL,Wroclaw,697,2025-01-03
61234,Мария Lopez,мария.lopez773@gmx.de,DE,Berlin,233,2025-08-01
61243,Michael Brown,michael.brown306@gmail.com,FR,Marseille,835,2025-06-11
61330,Petra Becker,petra.becker683@web.de,DE,Hamburg,872,2025-09-23
61547,Ирина Brown,ирина.brown703@gmail.com,GB,London,721,2025-11-05
61558,Andrea Wilson,andrea.wilson62@outlook.com,US,New York,454,2025-03-22
61670,Michelle Hernandez,michelle.hernandez553@web.de,DE,Munich,119,2025-05-31
61687,Thomas Козлов,thomas.козлов412@gmail.com,US,Phoenix,568,2025-06-21
61787,Анна Becker,анна.becker840@yahoo.it,IT,Rome,137,2025-01-21
61862,Emily Johnson,emily.johnson821@wp.pl,PL,Krakow,775,2025-09-07
61899,Петр Smith,петр.smith447@outlook.com,GB,Glasgow,380,2025-03-09
61902,Анна Wilson,анна.wilson26@outlook.com,US,Chicago,296,2025-05-30
61928,Ольга Miller,ольга.miller139@outlook.com,GB,London,456,2025-03-03
61988,Jessica Новиков,jessica.новиков462@mail.ru,RU,Kazan,779,2025-12-02
62033,Sabine Козлов,sabine.козлов664@outlook.com,GB,Glasgow,703,2024-12-13
62380,Мария Смирнов,мария.смирнов354@outlook.com,GB,Liverpool,351,2025-04-11
62390,Emily Koch,emily.koch770@yahoo.com,US,Chicago,295,2025-01-22
62436,John Johnson,john.johnson753@gmail.com,US,Phoenix,260,2025-07-17
62480,Anna Jones,anna.jones808@yahoo.com,US,Chicago,955,2025-09-19
62529,Nicole Волков,nicole.волков893@orange.fr,FR,Nice,684,2025-01-07
62732,Петр Smith,петр.smith923@yahoo.es,ES,Seville,869,2025-02-10
62848,Андрей Новиков,андрей.новиков781@wp.pl,PL,Wroclaw,990,2025-07-21
63220,Emily Соколов,emily.соколов181@gmail.com,RU,Novosibirsk,878,2025-03-29
63376,Andreas Garcia,andreas.garcia868@free.fr,FR,Nice,562,2025-01-13
63485,Maria Brown,maria.brown247@gmail.com,RU,Ekaterinburg,786,2025-09-06
63644,Maria Соколов,maria.соколов187@yahoo.it,IT,Milan,669,2025-06-14
63649,Елена Lopez,елена.lopez627@yahoo.es,ES,Seville,468,2025-11-19
63769,Дмитрий Koch,дмитрий.koch808@gmail.com,ES,Barcelona,219,2025-02-16
63784,Андрей Koch,андрей.koch291@gmail.com,DE,Munich,699,2025-04-09
63788,Michelle Davis,michelle.davis720@libero.it,IT,Milan,223,2025-05-12
63796,Наталья Сидоров,наталья.сидоров562@orange.fr,FR,Marseille,817,2025-10-29
63844,Richard Richter,richard.richter706@mail.ru,RU,SPB,652,2025-10-25
63851,Jessica Miller,jessica.miller486@gmail.com,DE,Berlin,780,2025-10-01
63865,Susanne Hernandez,susanne.hernandez386@gmail.com,US,New York,729,2025-09-26
63878,Сергей Meyer,сергей.meyer63@gmail.com,IT,Milan,598,2025-07-25
63910,Richard Brown,richard.brown570@outlook.com,US,Chicago,674,2025-05-28
64127,Maria Wilson,maria.wilson161@gmail.com,IT,Rome,864,2025-09-29
64164,John Schmidt,john.schmidt171@yahoo.com,US,Houston,812,2025-04-24
64180,Jessica Koch,jessica.koch281@gmail.com,FR,Nice,693,2025-02-08
64243,Maria Rodriguez,maria.rodriguez399@gmail.com,DE,Munich,874,2025-02-28
64261,Lisa Richter,lisa.richter175@wp.pl,PL,Krakow,668,2025-05-31
64290,Michael Bauer,michael.bauer550@gmail.com,FR,Nice,259,2025-07-13
64455,Александр Johnson,александр.johnson48@free.fr,FR,Toulouse,444,2025-11-01
64461,Александр Лебедев,александр.лебедев699@mail.ru,RU,Ekaterinburg,575,2025-03-14
64701,Petra Сидоров,petra.сидоров727@orange.fr,FR,Marseille,351,2025-10-21
64708,Emily Williams,emily.williams540@gmail.com,FR,Lyon,264,2025-03-17
64798,Ирина Schneider,ирина.schneider618@outlook.com,GB,Birmingham,797,2025-01-29
64839,Nicole Davis,nicole.davis630@gmail.com,US,New York,471,2025-11-01
64878,Александр Bauer,александр.bauer560@gmail.com,ES,Madrid,694,2025-07-24
65007,Thomas Соколов,thomas.соколов553@gmail.com,FR,Marseille,756,2025-10-27
65221,Richard Морозов,richard.морозов1@gmx.de,DE,Hamburg,637,2025-05-12
65233,Михаил Bauer,михаил.bauer616@outlook.com,US,New York,855,2025-01-11
65253,Stefan Miller,stefan.miller668@yahoo.es,ES,Valencia,365,2025-07-29
65261,Stefan Müller,stefan.müller990@yahoo.es,ES,Barcelona,968,2025-04-06
65338,William Bauer,william.bauer193@gmail.com,RU,Kazan,966,2025-08-29
65391,Sabine Becker,sabine.becker927@outlook.com,US,Los Angeles,536,2025-05-07
65399,Иван Davis,иван.davis271@yahoo.es,ES,Zaragoza,303,2025-01-16
65459,Татьяна Richter,татьяна.richter772@gmx.de,DE,Munich,892,2025-09-15
65506,Jennifer Rodriguez,jennifer.rodriguez368@hotmail.es,ES,Barcelona,975,2025-01-27
65511,Thomas Müller,thomas.müller620@yahoo.es,ES,Zaragoza,975,2024-12-27
65519,Michael Lopez,michael.lopez449@gmail.com,FR,Marseille,486,2025-03-17
65568,Klaus Johnson,klaus.johnson998@outlook.com,US,Chicago,179,2025-04-12
65607,Susanne Попов,susanne.попов802@gmail.com,GB,Birmingham,342,2025-06-01
65619,Александр Richter,александр.richter594@free.fr,FR,Marseille,670,2025-08-18
65690,Петр Wagner,петр.wagner103@gmail.com,FR,Paris,435,2025-09-01
65846,Lisa Brown,lisa.brown525@wp.pl,PL,Wroclaw,362,2025-03-13
66145,James Иванов,james.иванов668@libero.it,IT,Turin,467,2025-10-30
66239,Andrea Lopez,andrea.lopez750@yahoo.it,IT,Milan,924,2025-06-01
66282,Stefan Bauer,stefan.bauer817@gmail.com,ES,Zaragoza,568,2024-12-19
66726,Елена Алексеев,елена.алексеев596@yahoo.com,US,Houston,123,2025-08-04
66954,Andreas Schneider,andreas.schneider585@libero.it,IT,Rome,329,2025-04-02
67009,Andreas Иванов,andreas.иванов779@yahoo.it,IT,Naples,116,2025-03-30
67092,Stefan Попов,stefan.попов322@wp.pl,PL,Gdansk,742,2025-04-25
67116,William Соколов,william.соколов459@gmail.com,FR,Marseille,208,2025-07-06
67184,Emily Johnson,emily.johnson429@o2.pl,PL,Wroclaw,711,2024-12-27
67194,Nicole Richter,nicole.richter706@gmail.com,DE,Frankfurt,893,2025-02-20
67357,William Schafer,william.schafer852@gmx.de,DE,Berlin,898,2025-07-19
67403,Michael Bauer,michael.bauer281@libero.it,IT,Turin,324,2025-05-03
67519,Петр Schafer,петр.schafer400@gmail.com,IT,Palermo,335,2025-07-12
67606,Иван Davis,иван.davis88@web.de,DE,Hamburg,733,2024-12-22
67711,Дмитрий Волков,дмитрий.волков776@libero.it,IT,Naples,363,2025-03-06
67732,Мария Schneider,мария.schneider944@mail.ru,RU,Kazan,130,2025-03-31
67965,Анна Brown,анна.brown870@gmail.com,US,Los Angeles,772,2025-10-19
67975,Andrea Weber,andrea.weber234@gmail.com,DE,Frankfurt,310,2025-01-28
68078,Татьяна Miller,татьяна.miller200@gmail.com,US,Houston,608,2025-02-18
68114,Татьяна Алексеев,татьяна.алексеев858@yandex.ru,RU,Kazan,714,2025-02-13
68250,Emily Davis,emily.davis195@wp.pl,PL,Warsaw,534,2025-01-30
68420,Michael Schmidt,michael.schmidt499@gmail.com,GB,Liverpool,613,2025-05-02
68441,Maria Miller,maria.miller944@outlook.com,GB,London,141,2025-06-04
68460,Maria Williams,maria.williams801@yahoo.com,US,Houston,412,2025-09-07
68461,Татьяна Сидоров,татьяна.сидоров814@hotmail.es,ES,Barcelona,374,2025-01-25
68545,William Fischer,william.fischer564@gmail.com,GB,Glasgow,604,2025-09-26
68586,Hans Johnson,hans.johnson179@yahoo.es,ES,Zaragoza,741,2025-05-21
68664,Petra Schneider,petra.schneider23@gmail.com,ES,Valencia,581,2025-11-22
68796,Andrea Wagner,andrea.wagner820@orange.fr,FR,Toulouse,799,2025-08-15
68798,Petra Иванов,petra.иванов319@libero.it,IT,Rome,927,2025-02-09
68820,Lisa Becker,lisa.becker750@gmail.com,ES,Seville,379,2025-03-22
68992,Петр Новиков,петр.новиков961@yahoo.com,US,Houston,636,2025-08-04
69004,Thomas Козлов,thomas.козлов47@gmail.com,DE,Munich,562,2025-06-28
69027,William Martinez,william.martinez952@gmail.com,ES,Madrid,627,2024-12-10
69195,Wolfgang Wagner,wolfgang.wagner903@gmail.com,FR,Lyon,465,2025-09-23
69235,Елена Соколов,елена.соколов634@free.fr,FR,Nice,718,2025-01-12
69281,Wolfgang Алексеев,wolfgang.алексеев335@o2.pl,PL,Poznan,392,2025-08-07
69346,Петр Козлов,петр.козлов488@yahoo.it,IT,Naples,729,2025-02-05
69457,Sarah Johnson,sarah.johnson632@o2.pl,PL,Poznan,984,2025-01-09
69470,Jessica Weber,jessica.weber812@outlook.com,US,Los Angeles,637,2025-03-12
69473,Thomas Jones,thomas.jones834@yahoo.co.uk,GB,London,966,2025-08-01
69569,Susanne Smith,susanne.smith10@gmail.com,DE,Munich,672,2025-07-02
69659,Мария Кузнецов,мария.кузнецов541@wp.pl,PL,Warsaw,189,2025-03-08
69857,James Schafer,james.schafer327@outlook.com,US,Phoenix,993,2025-01-10
70067,Jennifer Richter,jennifer.richter887@mail.ru,RU,Ekaterinburg,738,2025-09-09
70146,Stefan Алексеев,stefan.алексеев446@gmail.com,FR,Marseille,205,2025-07-04
70257,Ирина Rodriguez,ирина.rodriguez399@gmail.com,FR,Lyon,945,2025-08-16
70472,Мария Новиков,мария.новиков210@yahoo.com,US,Los Angeles,834,2025-02-13
70530,Сергей Garcia,сергей.garcia132@gmail.com,US,New York,626,2025-09-14
70644,Ирина Bauer,ирина.bauer754@gmail.com,PL,Krakow,772,2024-12-27
70797,Lisa Новиков,lisa.новиков555@gmail.com,PL,Krakow,563,2025-09-26
70811,Robert Lopez,robert.lopez611@free.fr,FR,Marseille,465,2025-02-19
71132,Richard Соколов,richard.соколов227@yahoo.es,ES,Zaragoza,927,2025-07-20
71230,Andrea Лебедев,andrea.лебедев21@yahoo.it,IT,Palermo,687,2025-11-21
71284,Наталья Smith,наталья.smith583@gmail.com,IT,Rome,990,2025-06-13
71470,Hans Smith,hans.smith639@gmail.com,GB,Birmingham,322,2025-03-20
71492,David Williams,david.williams982@o2.pl,PL,Gdansk,196,2025-06-18
71494,Michael Richter,michael.richter747@gmail.com,FR,Lyon,629,2025-10-12
71510,Михаил Попов,михаил.попов452@gmail.com,GB,Manchester,664,2025-11-28
71547,Ольга Козлов,ольга.козлов714@web.de,DE,Berlin,363,2024-12-18
71620,Michael Иванов,michael.иванов367@free.fr,FR,Nice,971,2025-02-02
71685,David Волков,david.волков635@outlook.com,US,Phoenix,351,2025-11-11
71815,Александр Волков,александр.волков937@gmail.com,RU,Kazan,655,2025-09-20
71866,Hans Smith,hans.smith546@yahoo.com,US,Phoenix,121,2025-11-18
71871,Andreas Wilson,andreas.wilson596@yandex.ru,RU,Kazan,127,2025-07-13
71892,Michael Hoffmann,michael.hoffmann428@free.fr,FR,Paris,634,2025-05-15
72011,Nicole Becker,nicole.becker107@gmail.com,RU,Kazan,580,2025-11-25
72022,Amy Wilson,amy.wilson554@orange.fr,FR,Nice,603,2025-10-07
72050,Stefan Соколов,stefan.соколов269@o2.pl,PL,Wroclaw,134,2025-03-14
72077,Анна Rodriguez,анна.rodriguez958@gmail.com,US,Phoenix,188,2025-06-26
72114,Andrea Кузнецов,andrea.кузнецов827@mail.ru,RU,Moscow,402,2025-07-17
72120,Richard Смирнов,richard.смирнов360@web.de,DE,Hamburg,326,2024-12-23
72180,Amy Jones,amy.jones964@outlook.com,GB,London,170,2025-08-30
72258,Petra Brown,petra.brown364@orange.fr,FR,Nice,869,2025-02-09
72285,Jennifer Garcia,jennifer.garcia753@gmail.com,IT,Rome,932,2025-10-04
72562,Петр Davis,петр.davis365@orange.fr,FR,Toulouse,827,2025-10-26
72609,Александр Johnson,александр.johnson968@yahoo.com,US,Los Angeles,266,2025-05-30
72674,Hans Meyer,hans.meyer18@gmail.com,PL,Krakow,842,2025-09-03
72675,Robert Smith,robert.smith670@gmail.com,DE,Hamburg,130,2025-09-16
72678,Stefan Johnson,stefan.johnson270@outlook.com,US,Chicago,173,2024-12-15
72693,Lisa Martinez,lisa.martinez834@gmx.de,DE,Cologne,690,2025-01-31
72712,Сергей Miller,сергей.miller21@free.fr,FR,Marseille,891,2025-11-18
72726,Sabine Lopez,sabine.lopez975@gmail.com,FR,Nice,942,2025-08-27
72838,Lisa Schafer,lisa.schafer914@yahoo.com,US,Phoenix,655,2024-12-13
72893,James Козлов,james.козлов634@libero.it,IT,Naples,275,2025-09-23
72915,Maria Петров,maria.петров586@yahoo.it,IT,Palermo,496,2024-12-14
73176,Andrea Martinez,andrea.martinez727@gmail.com,IT,Palermo,889,2025-06-30
73235,Андрей Bauer,андрей.bauer282@gmail.com,ES,Barcelona,850,2025-06-13
73286,Stefan Davis,stefan.davis664@o2.pl,PL,Warsaw,426,2025-04-21
73291,Сергей Meyer,сергей.meyer264@gmail.com,IT,Naples,932,2025-01-27
73357,Наталья Hoffmann,наталья.hoffmann914@gmail.com,GB,London,832,2025-06-15
73370,Andrea Richter,andrea.richter755@gmail.com,IT,Rome,923,2025-05-07
73652,Robert Koch,robert.koch944@web.de,DE,Hamburg,449,2025-08-15
73682,Андрей Müller,андрей.müller251@yahoo.co.uk,GB,Liverpool,905,2025-03-15
73809,Thomas Richter,thomas.richter761@gmail.com,PL,Krakow,769,2025-08-11
73861,Michael Becker,michael.becker500@free.fr,FR,Nice,829,2025-05-29
73951,Сергей Иванов,сергей.иванов32@gmx.de,DE,Hamburg,364,2025-09-11
73980,Andrea Hernandez,andrea.hernandez543@free.fr,FR,Marseille,477,2025-11-29
73999,Susanne Becker,susanne.becker764@outlook.com,US,Chicago,524,2025-01-27
74019,Ольга Кузнецов,ольга.кузнецов390@gmail.com,ES,Valencia,107,2025-10-21
74522,Stefan Попов,stefan.попов579@gmail.com,RU,Ekaterinburg,135,2025-04-17
74543,Ирина Schneider,ирина.schneider330@gmail.com,RU,Ekaterinburg,138,2025-10-29
74601,Klaus Петров,klaus.петров378@yahoo.co.uk,GB,Birmingham,387,2025-10-25
74605,Hans Jones,hans.jones177@free.fr,FR,Nice,358,2025-02-28
74757,Jennifer Garcia,jennifer.garcia458@gmail.com,ES,Seville,763,2025-02-15
75152,Amy Jones,amy.jones375@outlook.com,US,Los Angeles,468,2025-07-21
75233,Мария Weber,мария.weber552@gmail.com,ES,Barcelona,872,2025-02-10
75268,Robert Соколов,robert.соколов187@yandex.ru,RU,Kazan,362,2025-03-27
75285,Александр Meyer,александр.meyer417@gmail.com,PL,Poznan,905,2025-02-24
75423,Stefan Johnson,stefan.johnson883@gmail.com,RU,Kazan,643,2025-08-06
75558,Lisa Hernandez,lisa.hernandez909@mail.ru,RU,Kazan,330,2025-01-11
75573,Amy Miller,amy.miller761@gmail.com,IT,Rome,942,2025-11-15
75616,Jessica Hernandez,jessica.hernandez995@yahoo.com,US,Chicago,278,2025-07-09
75642,Michael Волков,michael.волков847@mail.ru,RU,Novosibirsk,947,2025-09-19
75732,John Koch,john.koch692@yahoo.es,ES,Zaragoza,338,2025-04-03
75801,Stefan Schmidt,stefan.schmidt504@yandex.ru,RU,Moscow,117,2025-05-07
75938,Wolfgang Lopez,wolfgang.lopez900@free.fr,FR,Lyon,849,2025-09-05
76105,Мария Brown,мария.brown304@wp.pl,PL,Warsaw,240,2025-03-22
76120,Елена Lopez,елена.lopez323@gmx.de,DE,Berlin,773,2025-02-25
76244,Petra Иванов,petra.иванов859@outlook.com,GB,Birmingham,342,2025-06-13
76279,Михаил Волков,михаил.волков826@free.fr,FR,Lyon,611,2025-02-13
76318,Александр Сидоров,александр.сидоров154@libero.it,IT,Milan,529,2025-09-17
76416,Emily Rodriguez,emily.rodriguez440@gmail.com,GB,London,750,2025-11-20
76467,Татьяна Davis,татьяна.davis848@wp.pl,PL,Wroclaw,110,2025-08-03
76565,John Koch,john.koch253@libero.it,IT,Milan,873,2025-04-24
76597,David Becker,david.becker976@free.fr,FR,Marseille,791,2025-09-10
76621,Robert Davis,robert.davis981@outlook.com,US,Los Angeles,570,2025-04-27
76626,Сергей Müller,сергей.müller787@gmx.de,DE,Hamburg,170,2025-01-25
76673,Ольга Новиков,ольга.новиков503@outlook.com,GB,Glasgow,460,2025-09-14
76700,Jennifer Кузнецов,jennifer.кузнецов865@orange.fr,FR,Marseille,634,2024-12-26
76778,Maria Richter,maria.richter323@wp.pl,PL,Poznan,518,2025-11-04
76790,Sarah Смирнов,sarah.смирнов134@yahoo.co.uk,GB,Manchester,788,2025-01-06
76794,Jessica Weber,jessica.weber773@yahoo.es,ES,Madrid,334,2025-03-02
76855,Jennifer Lopez,jennifer.lopez932@yandex.ru,RU,Novosibirsk,116,2025-10-15
76867,Михаил Brown,михаил.brown32@gmail.com,GB,Birmingham,285,2025-05-04
76947,Lisa Schneider,lisa.schneider220@yandex.ru,RU,Ekaterinburg,440,2025-09-08
76948,James Jones,james.jones323@gmx.de,DE,Berlin,676,2025-09-17
77060,Robert Williams,robert.williams122@gmail.com,US,Chicago,631,2025-10-05
77222,Michelle Johnson,michelle.johnson663@gmail.com,US,Phoenix,175,2025-07-21
77276,Sabine Williams,sabine.williams632@gmail.com,DE,Cologne,980,2025-07-02
77325,Мария Соколов,мария.соколов806@free.fr,FR,Marseille,911,2025-05-22
77398,Richard Schafer,richard.schafer16@libero.it,IT,Milan,751,2025-05-12
77416,Jennifer Fischer,jennifer.fischer338@gmail.com,US,Los Angeles,595,2025-11-08
77428,Jessica Becker,jessica.becker289@gmx.de,DE,Hamburg,716,2025-01-07
77642,Андрей Иванов,андрей.иванов289@outlook.com,GB,Glasgow,212,2025-03-10
77670,Дмитрий Weber,дмитрий.weber95@gmail.com,DE,Cologne,126,2025-09-07
77703,Thomas Jones,thomas.jones493@web.de,DE,Munich,747,2025-07-20
77722,Stefan Müller,stefan.müller579@gmail.com,IT,Milan,518,2025-09-14
77752,Александр Johnson,александр.johnson311@outlook.com,GB,Liverpool,990,2025-01-06
77773,Jennifer Кузнецов,jennifer.кузнецов884@gmail.com,US,Chicago,114,2025-03-18
77792,Сергей Hoffmann,сергей.hoffmann512@gmail.com,IT,Naples,444,2025-01-18
77795,Елена Schneider,елена.schneider446@web.de,DE,Berlin,884,2025-10-21
77850,Дмитрий Lopez,дмитрий.lopez233@wp.pl,PL,Warsaw,796,2025-01-24
77943,Михаил Сидоров,михаил.сидоров660@gmail.com,ES,Zaragoza,882,2025-03-29
77944,Robert Schafer,robert.schafer570@gmail.com,FR,Marseille,130,2025-08-08
78037,Andreas Schmidt,andreas.schmidt370@outlook.com,GB,Manchester,310,2025-01-22
78073,Анна Алексеев,анна.алексеев963@yandex.ru,RU,Novosibirsk,543,2025-08-17
78163,Анна Смирнов,анна.смирнов739@outlook.com,GB,Birmingham,546,2025-04-19
78278,Michelle Richter,michelle.richter855@web.de,DE,Cologne,682,2025-06-04
78383,Петр Meyer,петр.meyer620@outlook.com,US,Los Angeles,397,2025-05-14
78404,Susanne Алексеев,susanne.алексеев873@outlook.com,US,Los Angeles,636,2025-09-18
78429,Дмитрий Hernandez,дмитрий.hernandez757@orange.fr,FR,Lyon,830,2025-08-18
78492,Петр Brown,петр.brown617@gmail.com,RU,Ekaterinburg,146,2025-08-07
78677,John Алексеев,john.алексеев661@free.fr,FR,Marseille,330,2024-12-18
78684,Мария Кузнецов,мария.кузнецов957@outlook.com,US,Los Angeles,332,2025-07-15
78687,Emily Williams,emily.williams787@yahoo.es,ES,Madrid,779,2025-03-27
78841,Андрей Лебедев,андрей.лебедев68@gmail.com,PL,Wroclaw,631,2025-10-07
79316,Amy Сидоров,amy.сидоров61@gmail.com,IT,Palermo,638,2025-07-28
79422,Klaus Попов,klaus.попов96@yandex.ru,RU,Ekaterinburg,159,2025-11-04
79575,David Hoffmann,david.hoffmann74@yandex.ru,RU,Kazan,887,2024-12-26
79631,Stefan Новиков,stefan.новиков596@hotmail.es,ES,Barcelona,732,2025-04-19
79709,Andrea Weber,andrea.weber824@gmail.com,US,New York,458,2025-01-08
79840,Michelle Schulz,michelle.schulz731@gmail.com,IT,Naples,710,2025-04-01
79872,Thomas Garcia,thomas.garcia519@outlook.com,GB,London,613,2025-08-17
79935,Ирина Weber,ирина.weber158@yandex.ru,RU,Novosibirsk,417,2025-08-20
80029,Anna Bauer,anna.bauer956@free.fr,FR,Marseille,174,2025-03-12
80128,Jennifer Соколов,jennifer.соколов157@gmail.com,ES,Barcelona,791,2025-05-06
80209,Иван Richter,иван.richter153@gmail.com,FR,Lyon,302,2025-01-15
80304,Мария Волков,мария.волков656@mail.ru,RU,Kazan,444,2025-05-05
80426,James Müller,james.müller818@gmail.com,IT,Turin,512,2025-07-13
80451,Richard Martinez,richard.martinez563@yandex.ru,RU,SPB,191,2025-11-18
80455,Елена Brown,елена.brown684@free.fr,FR,Marseille,218,2024-12-31
80504,Анна Richter,анна.richter924@gmail.com,GB,London,257,2025-07-18
80646,Александр Алексеев,александр.алексеев925@gmail.com,FR,Paris,282,2025-01-08
80722,Andrea Smith,andrea.smith249@hotmail.es,ES,Madrid,562,2025-07-01
80780,Thomas Соколов,thomas.соколов152@gmx.de,DE,Hamburg,931,2025-01-13
80792,Hans Müller,hans.müller391@free.fr,FR,Paris,728,2025-01-29
80938,Michelle Fischer,michelle.fischer629@o2.pl,PL,Wroclaw,468,2025-05-12
80953,Александр Смирнов,александр.смирнов526@orange.fr,FR,Nice,502,2025-09-14
80996,Sarah Сидоров,sarah.сидоров5@gmail.com,IT,Naples,602,2025-03-19
81072,Наталья Meyer,наталья.meyer656@web.de,DE,Hamburg,211,2025-11-27
81146,Anna Schmidt,anna.schmidt616@gmail.com,RU,Ekaterinburg,897,2025-08-22
81282,Klaus Schmidt,klaus.schmidt275@gmail.com,RU,Novosibirsk,768,2025-07-30
81374,Andreas Петров,andreas.петров936@gmail.com,PL,Warsaw,342,2025-08-28
81434,Klaus Козлов,klaus.козлов75@yahoo.com,US,New York,657,2025-04-29
81506,Wolfgang Wagner,wolfgang.wagner117@outlook.com,US,Chicago,976,2025-05-05
81507,Елена Jones,елена.jones59@libero.it,IT,Palermo,259,2025-05-02
81631,Hans Иванов,hans.иванов462@yahoo.com,US,Los Angeles,797,2025-10-04
81733,Emily Fischer,emily.fischer14@gmail.com,FR,Toulouse,473,2025-08-12
81771,Susanne Miller,susanne.miller686@gmail.com,US,Phoenix,954,2025-11-13
81885,Emily Schmidt,emily.schmidt933@yahoo.es,ES,Madrid,261,2025-07-02
81899,David Meyer,david.meyer341@gmail.com,US,New York,250,2025-10-05
82075,Татьяна Miller,татьяна.miller837@libero.it,IT,Naples,827,2025-06-03
82122,Amy Schmidt,amy.schmidt184@outlook.com,GB,Glasgow,709,2025-05-21
82274,Robert Schafer,robert.schafer779@yandex.ru,RU,Moscow,129,2025-09-30
82287,Klaus Кузнецов,klaus.кузнецов268@outlook.com,GB,London,514,2025-03-05
82386,Анна Müller,анна.müller69@gmail.com,PL,Gdansk,647,2025-02-16
82500,Stefan Richter,stefan.richter411@yahoo.es,ES,Zaragoza,342,2025-03-03
82561,Sabine Smith,sabine.smith583@libero.it,IT,Rome,763,2025-09-05
82703,Ирина Smith,ирина.smith805@yahoo.com,US,Los Angeles,575,2025-10-02
82951,Susanne Brown,susanne.brown858@gmail.com,DE,Cologne,569,2025-01-17
82956,Jessica Koch,jessica.koch662@yahoo.es,ES,Seville,669,2025-06-30
83042,Emily Miller,emily.miller141@o2.pl,PL,Gdansk,601,2024-12-18
83112,Richard Волков,richard.волков917@orange.fr,FR,Paris,664,2025-05-28
83122,Ирина Иванов,ирина.иванов813@hotmail.es,ES,Madrid,986,2025-04-05
83154,Michael Bauer,michael.bauer316@web.de,DE,Cologne,573,2025-01-05
83311,Nicole Rodriguez,nicole.rodriguez442@outlook.com,GB,Glasgow,607,2025-08-22
83395,David Иванов,david.иванов373@yahoo.es,ES,Barcelona,818,2025-11-17
83514,Richard Miller,richard.miller886@outlook.com,US,Houston,887,2025-04-08
83893,Мария Schmidt,мария.schmidt700@outlook.com,US,New York,363,2025-08-30
84008,Ольга Richter,ольга.richter647@gmail.com,GB,Birmingham,494,2025-04-25
84126,Michael Schmidt,michael.schmidt186@gmx.de,DE,Berlin,703,2025-08-21
84166,Sarah Bauer,sarah.bauer739@yahoo.co.uk,GB,London,247,2025-06-02
84192,John Lopez,john.lopez403@gmail.com,ES,Madrid,800,2025-01-26
84223,Татьяна Петров,татьяна.петров345@wp.pl,PL,Poznan,800,2025-06-21
84297,Nicole Волков,nicole.волков261@yahoo.co.uk,GB,Manchester,616,2025-02-18
84683,Susanne Davis,susanne.davis918@hotmail.es,ES,Seville,285,2025-04-10
84864,Sarah Fischer,sarah.fischer630@hotmail.es,ES,Madrid,127,2025-03-16
84871,Сергей Козлов,сергей.козлов208@web.de,DE,Berlin,476,2025-04-20
84924,Lisa Wagner,lisa.wagner82@gmail.com,US,Chicago,845,2025-02-19
85029,Lisa Смирнов,lisa.смирнов817@libero.it,IT,Rome,114,2025-07-25
85034,Дмитрий Петров,дмитрий.петров882@orange.fr,FR,Lyon,691,2025-09-15
85111,Jessica Brown,jessica.brown655@gmail.com,GB,Birmingham,185,2024-12-23
85208,Klaus Новиков,klaus.новиков134@libero.it,IT,Turin,204,2025-07-07
85396,Emily Wagner,emily.wagner86@yahoo.com,US,Phoenix,786,2025-03-19
85438,Stefan Becker,stefan.becker982@gmail.com,ES,Seville,484,2025-12-08
85441,Michael Rodriguez,michael.rodriguez716@outlook.com,GB,Glasgow,943,2025-10-22
85596,Susanne Bauer,susanne.bauer56@gmail.com,FR,Lyon,585,2024-12-23
85675,Susanne Müller,susanne.müller55@gmail.com,PL,Poznan,767,2025-04-04
85762,Сергей Новиков,сергей.новиков684@yandex.ru,RU,Moscow,992,2025-10-18
85814,Sarah Соколов,sarah.соколов630@gmail.com,IT,Rome,235,2025-09-19
85942,Lisa Schmidt,lisa.schmidt495@yandex.ru,RU,Kazan,885,2025-07-17
85958,David Williams,david.williams637@gmx.de,DE,Berlin,515,2025-10-19
85994,Hans Müller,hans.müller861@wp.pl,PL,Warsaw,744,2025-02-07
86025,Анна Иванов,анна.иванов14@gmail.com,GB,London,292,2025-01-05
86057,Сергей Петров,сергей.петров693@yandex.ru,RU,Moscow,211,2025-05-17
86072,Петр Соколов,петр.соколов291@yahoo.es,ES,Barcelona,635,2025-07-06
86135,Michelle Кузнецов,michelle.кузнецов636@hotmail.es,ES,Valencia,166,2025-11-12
86147,Михаил Смирнов,михаил.смирнов953@gmail.com,GB,Birmingham,137,2025-12-07
86204,Александр Иванов,александр.иванов733@free.fr,FR,Marseille,845,2025-01-09
86250,Татьяна Koch,татьяна.koch174@gmail.com,GB,Birmingham,868,2025-09-25
86258,Ирина Brown,ирина.brown798@gmail.com,DE,Hamburg,730,2025-12-07
86304,Thomas Martinez,thomas.martinez443@yahoo.es,ES,Barcelona,401,2025-05-30
86346,Emily Bauer,emily.bauer568@gmail.com,FR,Marseille,376,2025-07-18
86430,Jennifer Wilson,jennifer.wilson678@outlook.com,US,Phoenix,769,2025-08-24
86495,Wolfgang Алексеев,wolfgang.алексеев48@yahoo.es,ES,Madrid,502,2024-12-18
86506,Anna Hernandez,anna.hernandez913@yahoo.es,ES,Seville,387,2025-10-30
86522,Anna Williams,anna.williams43@libero.it,IT,Palermo,611,2025-05-18
86594,Петр Кузнецов,петр.кузнецов920@web.de,DE,Hamburg,627,2025-03-02
86626,Андрей Иванов,андрей.иванов361@yahoo.es,ES,Seville,681,2025-06-18
87219,Мария Hoffmann,мария.hoffmann760@web.de,DE,Berlin,597,2025-11-25
87246,William Schafer,william.schafer940@gmail.com,DE,Munich,768,2025-06-16
87304,Ирина Лебедев,ирина.лебедев670@yahoo.es,ES,Barcelona,595,2025-07-14
87482,John Соколов,john.соколов60@outlook.com,GB,Birmingham,813,2025-03-20
87599,Maria Иванов,maria.иванов22@gmail.com,DE,Frankfurt,194,2025-04-22
87621,Hans Rodriguez,hans.rodriguez840@gmail.com,RU,Novosibirsk,488,2025-11-01
87655,Петр Jones,петр.jones544@gmail.com,IT,Rome,707,2025-04-22
87795,Michelle Петров,michelle.петров281@yandex.ru,RU,Moscow,519,2025-03-11
87849,William Новиков,william.новиков607@gmail.com,FR,Toulouse,401,2025-02-06
88097,Мария Hernandez,мария.hernandez25@yahoo.com,US,Los Angeles,590,2025-03-30
88153,Michelle Meyer,michelle.meyer52@yahoo.es,ES,Seville,326,2025-02-25
88225,Thomas Becker,thomas.becker979@gmx.de,DE,Frankfurt,419,2025-04-20
88236,Jessica Bauer,jessica.bauer980@yahoo.co.uk,GB,Glasgow,221,2024-12-20
88308,Александр Williams,александр.williams331@libero.it,IT,Rome,796,2025-06-22
88413,Richard Koch,richard.koch440@yahoo.es,ES,Zaragoza,306,2025-08-18
88420,Petra Richter,petra.richter42@mail.ru,RU,Ekaterinburg,505,2025-08-10
88447,Petra Козлов,petra.козлов618@wp.pl,PL,Poznan,666,2025-03-23
88461,Andreas Кузнецов,andreas.кузнецов753@gmail.com,IT,Palermo,242,2025-01-04
88600,Thomas Fischer,thomas.fischer693@outlook.com,US,Los Angeles,584,2025-05-14
88603,Ольга Rodriguez,ольга.rodriguez529@yandex.ru,RU,Moscow,515,2025-11-22
88828,Thomas Кузнецов,thomas.кузнецов697@hotmail.es,ES,Seville,567,2025-07-07
88829,Susanne Schafer,susanne.schafer849@hotmail.es,ES,Valencia,989,2025-11-14
88979,John Волков,john.волков786@o2.pl,PL,Warsaw,659,2025-04-30
88992,Иван Wilson,иван.wilson19@web.de,DE,Frankfurt,728,2025-03-20
89155,Michael Bauer,michael.bauer563@orange.fr,FR,Paris,131,2025-01-08
89291,Петр Weber,петр.weber278@gmail.com,ES,Valencia,542,2025-06-30
89365,Michael Fischer,michael.fischer597@gmx.de,DE,Berlin,428,2025-12-07
89391,Иван Bauer,иван.bauer964@hotmail.es,ES,Zaragoza,371,2025-01-02
89415,Jessica Bauer,jessica.bauer251@mail.ru,RU,SPB,159,2025-10-14
89599,Jessica Jones,jessica.jones682@wp.pl,PL,Poznan,144,2025-06-30
89771,William Wagner,william.wagner2@outlook.com,GB,Liverpool,116,2025-04-24
89872,Amy Попов,amy.попов699@gmx.de,DE,Hamburg,474,2025-03-22
89884,Sabine Richter,sabine.richter461@yahoo.es,ES,Valencia,473,2025-05-23
89955,John Hernandez,john.hernandez5@gmail.com,ES,Valencia,349,2025-08-23
90053,Thomas Martinez,thomas.martinez25@gmail.com,US,Houston,207,2025-09-04
90117,William Williams,william.williams273@outlook.com,US,Houston,307,2024-12-29
90196,Emily Weber,emily.weber61@o2.pl,PL,Gdansk,419,2025-01-21
90224,Michelle Davis,michelle.davis978@yahoo.es,ES,Barcelona,787,2025-10-04
90238,Анна Weber,анна.weber606@gmail.com,ES,Valencia,965,2025-07-25
90245,Анна Schneider,анна.schneider350@gmail.com,GB,Manchester,914,2025-12-01
90404,Maria Bauer,maria.bauer521@o2.pl,PL,Wroclaw,360,2025-01-29
90683,Michelle Weber,michelle.weber329@gmail.com,GB,Birmingham,585,2025-06-09
90690,Михаил Schmidt,михаил.schmidt920@free.fr,FR,Marseille,341,2025-09-24
90708,Сергей Meyer,сергей.meyer600@yandex.ru,RU,Kazan,151,2025-08-21
90911,Наталья Wilson,наталья.wilson244@gmail.com,GB,Birmingham,861,2025-06-10
90934,Hans Koch,hans.koch401@gmail.com,FR,Toulouse,541,2025-07-29
91076,Andreas Fischer,andreas.fischer16@mail.ru,RU,Ekaterinburg,490,2025-07-17
91098,John Meyer,john.meyer989@free.fr,FR,Marseille,371,2025-08-17
91196,Михаил Петров,михаил.петров523@mail.ru,RU,Moscow,609,2025-01-08
91374,Мария Козлов,мария.козлов457@yahoo.co.uk,GB,Manchester,177,2025-01-24
91448,Наталья Волков,наталья.волков131@gmx.de,DE,Frankfurt,491,2025-02-01
91502,Сергей Davis,сергей.davis453@gmail.com,DE,Cologne,815,2025-06-14
91537,Michael Кузнецов,michael.кузнецов725@gmail.com,RU,Novosibirsk,645,2025-01-13
91724,Susanne Hernandez,susanne.hernandez850@gmail.com,GB,London,347,2025-11-12
91736,Jennifer Johnson,jennifer.johnson287@free.fr,FR,Lyon,122,2025-10-25
91739,Thomas Jones,thomas.jones348@yahoo.com,US,Houston,235,2025-01-05
91773,Александр Meyer,александр.meyer995@yahoo.es,ES,Madrid,750,2025-05-05
91833,Сергей Волков,сергей.волков534@gmail.com,GB,Glasgow,405,2025-08-22
91847,James Попов,james.попов479@yahoo.it,IT,Palermo,268,2025-10-23
91878,Anna Сидоров,anna.сидоров731@outlook.com,US,New York,332,2025-08-11
91885,Hans Петров,hans.петров370@gmail.com,GB,Glasgow,695,2025-08-28
91903,David Garcia,david.garcia685@mail.ru,RU,Ekaterinburg,948,2025-02-11
91918,Сергей Смирнов,сергей.смирнов31@gmx.de,DE,Berlin,649,2025-11-19
92053,Wolfgang Rodriguez,wolfgang.rodriguez542@wp.pl,PL,Gdansk,546,2025-01-21
92181,Андрей Lopez,андрей.lopez473@yahoo.it,IT,Turin,862,2025-07-01
92220,Nicole Becker,nicole.becker171@gmail.com,FR,Paris,773,2024-12-23
92359,Андрей Морозов,андрей.морозов526@gmail.com,ES,Madrid,669,2025-03-02
92467,Sabine Соколов,sabine.соколов481@outlook.com,US,Houston,707,2025-09-09
92582,Андрей Смирнов,андрей.смирнов991@yahoo.it,IT,Naples,258,2025-10-22
92595,Petra Иванов,petra.иванов454@gmail.com,DE,Frankfurt,406,2025-06-18
92598,Michael Соколов,michael.соколов644@gmail.com,RU,Novosibirsk,185,2025-02-23
92641,Иван Rodriguez,иван.rodriguez992@yahoo.it,IT,Rome,901,2025-08-19
92829,Андрей Лебедев,андрей.лебедев786@yahoo.it,IT,Palermo,360,2025-04-04
92877,Klaus Jones,klaus.jones224@gmx.de,DE,Hamburg,316,2025-01-08
92910,Дмитрий Weber,дмитрий.weber11@yahoo.it,IT,Palermo,570,2024-12-29
92926,David Wagner,david.wagner231@outlook.com,GB,Birmingham,825,2025-08-03
92944,Sabine Miller,sabine.miller843@gmail.com,IT,Rome,707,2025-04-07
92956,Klaus Davis,klaus.davis128@yahoo.es,ES,Barcelona,863,2025-03-10
93062,Андрей Richter,андрей.richter632@o2.pl,PL,Gdansk,125,2025-06-08
93145,Ирина Соколов,ирина.соколов570@yahoo.it,IT,Rome,859,2025-03-29
93163,Michael Jones,michael.jones829@gmail.com,ES,Zaragoza,900,2025-05-24
93290,Александр Петров,александр.петров401@o2.pl,PL,Gdansk,224,2025-03-28
93329,Sabine Garcia,sabine.garcia912@wp.pl,PL,Poznan,943,2025-03-29
93330,John Лебедев,john.лебедев115@mail.ru,RU,SPB,680,2025-01-06
93364,Thomas Meyer,thomas.meyer346@outlook.com,US,New York,556,2025-06-29
93369,Михаил Weber,михаил.weber14@o2.pl,PL,Gdansk,709,2025-01-25
93481,David Meyer,david.meyer131@free.fr,FR,Toulouse,700,2025-04-17
93508,Анна Brown,анна.brown329@wp.pl,PL,Poznan,869,2025-10-16
93927,Anna Wilson,anna.wilson623@yahoo.it,IT,Rome,606,2025-04-18
93977,William Jones,william.jones466@gmail.com,PL,Wroclaw,792,2025-05-22
94020,Sabine Сидоров,sabine.сидоров869@yahoo.co.uk,GB,Birmingham,175,2025-02-18
94249,Andrea Hernandez,andrea.hernandez692@gmail.com,IT,Rome,463,2025-03-27
94309,Михаил Schneider,михаил.schneider24@yandex.ru,RU,Kazan,292,2025-11-05
94459,Jennifer Müller,jennifer.müller435@yahoo.com,US,New York,446,2025-10-03
94511,Emily Miller,emily.miller210@mail.ru,RU,Kazan,983,2025-02-04
94534,Wolfgang Brown,wolfgang.brown241@gmx.de,DE,Cologne,997,2025-07-16
94552,Елена Lopez,елена.lopez34@gmail.com,PL,Warsaw,192,2025-11-30
94616,Ирина Волков,ирина.волков277@gmail.com,IT,Naples,990,2025-09-22
94659,Robert Brown,robert.brown127@gmail.com,US,New York,784,2025-01-31
94739,Sabine Schmidt,sabine.schmidt406@libero.it,IT,Turin,964,2025-05-19
94930,Klaus Brown,klaus.brown774@mail.ru,RU,Novosibirsk,286,2025-01-22
94975,Michael Попов,michael.попов223@yahoo.co.uk,GB,Birmingham,738,2025-08-22
95027,Иван Weber,иван.weber304@yandex.ru,RU,Moscow,564,2025-10-11
95057,Michelle Козлов,michelle.козлов106@gmail.com,ES,Seville,817,2025-04-09
95120,Мария Martinez,мария.martinez724@web.de,DE,Hamburg,665,2025-08-18
95121,Sarah Brown,sarah.brown851@orange.fr,FR,Paris,472,2025-09-27
95139,Sabine Смирнов,sabine.смирнов402@free.fr,FR,Lyon,493,2025-03-27
95564,Andrea Johnson,andrea.johnson592@gmail.com,GB,Manchester,922,2025-05-27
95611,Emily Алексеев,emily.алексеев540@gmail.com,ES,Zaragoza,706,2025-03-25
95882,Петр Алексеев,петр.алексеев257@orange.fr,FR,Marseille,919,2025-01-29
95974,Petra Wagner,petra.wagner106@gmail.com,IT,Milan,746,2025-01-12
96168,Михаил Кузнецов,михаил.кузнецов19@gmail.com,IT,Turin,804,2025-11-15
96233,William Смирнов,william.смирнов543@orange.fr,FR,Paris,300,2025-06-23
96325,Jennifer Bauer,jennifer.bauer189@gmail.com,RU,Kazan,700,2025-11-20
96439,Thomas Martinez,thomas.martinez722@gmail.com,GB,Glasgow,278,2025-04-29
96453,Stefan Koch,stefan.koch574@gmail.com,FR,Lyon,554,2025-03-14
96516,Елена Williams,елена.williams586@web.de,DE,Cologne,944,2025-03-06
96541,Hans Becker,hans.becker387@gmail.com,IT,Naples,412,2025-04-07
96835,Wolfgang Weber,wolfgang.weber236@yahoo.es,ES,Barcelona,388,2025-07-17
96864,Sarah Brown,sarah.brown550@gmx.de,DE,Frankfurt,509,2025-03-01
96883,Wolfgang Schafer,wolfgang.schafer864@yahoo.co.uk,GB,Liverpool,403,2025-09-20
96998,Robert Hoffmann,robert.hoffmann810@gmail.com,GB,London,546,2025-08-06
97035,Susanne Алексеев,susanne.алексеев834@gmx.de,DE,Frankfurt,946,2025-06-28
97051,Michael Волков,michael.волков745@free.fr,FR,Marseille,927,2025-01-01
97158,Jessica Козлов,jessica.козлов505@web.de,DE,Hamburg,512,2025-08-27
97161,Михаил Петров,михаил.петров435@hotmail.es,ES,Madrid,680,2025-08-19
97166,John Hoffmann,john.hoffmann41@gmail.com,GB,Birmingham,481,2024-12-31
97192,Thomas Müller,thomas.müller553@wp.pl,PL,Krakow,587,2025-06-24
97224,Lisa Meyer,lisa.meyer823@outlook.com,GB,Glasgow,668,2025-02-05
97252,Richard Wagner,richard.wagner910@outlook.com,US,New York,678,2025-08-15
97327,Emily Garcia,emily.garcia187@gmail.com,ES,Seville,524,2025-02-26
97355,Ольга Schmidt,ольга.schmidt649@gmail.com,IT,Rome,701,2025-04-03
97446,Иван Петров,иван.петров389@yahoo.com,US,Chicago,747,2025-05-03
97483,Иван Wilson,иван.wilson478@o2.pl,PL,Wroclaw,660,2025-09-28
97598,Robert Müller,robert.müller114@gmail.com,FR,Toulouse,242,2025-06-25
97610,Petra Попов,petra.попов104@gmail.com,GB,London,945,2025-06-27
97728,Андрей Becker,андрей.becker30@gmail.com,DE,Frankfurt,610,2025-08-09
97752,Andrea Wagner,andrea.wagner514@gmail.com,GB,Liverpool,947,2025-11-04
97767,Stefan Brown,stefan.brown400@yahoo.co.uk,GB,Manchester,666,2025-05-26
97789,Maria Wilson,maria.wilson404@gmail.com,US,Chicago,531,2025-02-02
97910,Михаил Алексеев,михаил.алексеев655@gmail.com,PL,Warsaw,574,2025-03-01
97970,Мария Bauer,мария.bauer466@wp.pl,PL,Wroclaw,394,2025-04-05
98024,James Сидоров,james.сидоров198@gmail.com,FR,Paris,191,2025-06-19
98038,Andreas Сидоров,andreas.сидоров101@hotmail.es,ES,Zaragoza,398,2025-10-22
98048,Lisa Сидоров,lisa.сидоров137@gmail.com,PL,Poznan,232,2025-06-03
98231,Дмитрий Новиков,дмитрий.новиков903@yahoo.com,US,Houston,539,2024-12-30
98234,Наталья Garcia,наталья.garcia344@gmail.com,FR,Marseille,277,2025-10-10
98393,Sabine Koch,sabine.koch97@gmail.com,FR,Toulouse,320,2025-10-11
98546,Иван Richter,иван.richter764@yandex.ru,RU,Novosibirsk,904,2025-08-22
98590,William Козлов,william.козлов752@libero.it,IT,Milan,180,2025-11-01
98631,Ирина Попов,ирина.попов644@gmail.com,ES,Barcelona,681,2025-10-18
98648,Klaus Козлов,klaus.козлов480@yandex.ru,RU,Novosibirsk,773,2025-08-06
98718,Петр Schulz,петр.schulz178@web.de,DE,Cologne,540,2025-12-01
98760,Michelle Fischer,michelle.fischer545@outlook.com,GB,Glasgow,752,2025-07-21
98762,Jennifer Смирнов,jennifer.смирнов161@gmail.com,IT,Naples,314,2025-10-17
98805,Sabine Сидоров,sabine.сидоров46@outlook.com,US,Houston,804,2025-12-05
98841,David Fischer,david.fischer965@gmail.com,US,Houston,602,2025-12-06
98871,Татьяна Schneider,татьяна.schneider188@gmail.com,DE,Cologne,858,2025-09-12
98955,Sabine Wilson,sabine.wilson710@free.fr,FR,Marseille,333,2025-09-23
98982,Александр Brown,александр.brown539@yahoo.co.uk,GB,Glasgow,232,2025-01-31
99062,Nicole Becker,nicole.becker222@gmail.com,FR,Lyon,902,2025-02-24
99179,John Rodriguez,john.rodriguez140@web.de,DE,Munich,609,2025-05-07
99197,Susanne Новиков,susanne.новиков903@yandex.ru,RU,Moscow,543,2025-08-24
99313,Susanne Морозов,susanne.морозов511@gmail.com,US,New York,917,2025-10-27
99370,William Сидоров,william.сидоров221@gmail.com,DE,Munich,917,2025-03-20
99397,Stefan Garcia,stefan.garcia653@libero.it,IT,Palermo,207,2025-09-27
99467,Андрей Лебедев,андрей.лебедев64@outlook.com,GB,Liverpool,898,2025-02-17
99475,William Попов,william.попов745@yandex.ru,RU,SPB,551,2025-08-27
99631,Anna Wilson,anna.wilson883@gmail.com,FR,Lyon,518,2025-02-09
99684,William Wilson,william.wilson302@o2.pl,PL,Poznan,611,2024-12-30
99690,Nicole Smith,nicole.smith949@gmail.com,RU,Moscow,776,2025-07-21
99717,Елена Davis,елена.davis298@yandex.ru,RU,Moscow,791,2025-07-28
99721,William Meyer,william.meyer331@libero.it,IT,Naples,495,2025-10-12
99789,Мария Schneider,мария.schneider652@wp.pl,PL,Krakow,997,2025-06-03
99936,Richard Brown,richard.brown820@yahoo.com,US,New York,579,2025-09-12
99937,Prothetic Two,prothetic2@example.com,US,New York,888,2025-09-05
